,what,is,the,term,given,to,algorithms,that,utilize,random,bits,?
algorithms,0.25635042786598206,0.24730736017227173,0.167828768491745,0.24687924981117249,0.1979406177997589,0.2158832848072052,0.9999999403953552,0.2668388783931732,0.31222790479660034,0.4190424978733063,0.4442308247089386,0.186949223279953
that,0.6297725439071655,0.3995479643344879,0.5473989248275757,0.2833994925022125,0.3486595153808594,0.5436353087425232,0.2668388783931732,1.0,0.3263801336288452,0.2910965383052826,0.29371732473373413,0.32716336846351624
use,0.3453877568244934,0.3357410430908203,0.34342584013938904,0.3578740954399109,0.3280956447124481,0.47261837124824524,0.2939614951610565,0.3939064145088196,0.5255552530288696,0.2265194058418274,0.3512139916419983,0.32795652747154236
random,0.26424384117126465,0.20071181654930115,0.20769751071929932,0.18975912034511566,0.1820540875196457,0.2618999183177948,0.4190424978733063,0.2910965383052826,0.25120681524276733,1.0000001192092896,0.35931259393692017,0.23617395758628845
bits,0.27468442916870117,0.26384320855140686,0.18586325645446777,0.1554599106311798,0.22250454127788544,0.23048996925354004,0.4442308247089386,0.29371732473373413,0.2586856484413147,0.35931259393692017,1.0000001192092896,0.15402674674987793
are,0.29724663496017456,0.5330929756164551,0.40399202704429626,0.1909082531929016,0.20467253029346466,0.3504326641559601,0.2718161344528198,0.45265161991119385,0.2892394959926605,0.25937965512275696,0.32704514265060425,0.24591213464736938
called,0.3235960602760315,0.430266410112381,0.489897221326828,0.33549433946609497,0.34192779660224915,0.2987143397331238,0.18830443918704987,0.41604554653167725,0.17637722194194794,0.17547903954982758,0.2307535707950592,0.18963319063186646
randomized,0.2504320442676544,0.17556066811084747,0.22879868745803833,0.25142571330070496,0.2694256603717804,0.2550087869167328,0.4436456561088562,0.2939791679382324,0.3964155614376068,0.656379759311676,0.2439085692167282,0.21367694437503815
algorithms,0.25635042786598206,0.24730736017227173,0.167828768491745,0.24687924981117249,0.1979406177997589,0.2158832848072052,0.9999999403953552,0.2668388783931732,0.31222790479660034,0.4190424978733063,0.4442308247089386,0.186949223279953
.,0.3567904531955719,0.4569662809371948,0.5934505462646484,0.18456575274467468,0.3169408142566681,0.4645031690597534,0.1675408035516739,0.4460422694683075,0.22974303364753723,0.18718098104000092,0.21033011376857758,0.4130953550338745
