,what,ruined,richard,'s,plans,to,reach,acre,?
but,0.5029441118240356,0.24326467514038086,0.18492814898490906,0.04136733338236809,0.30872225761413574,0.5542377829551697,0.31084302067756653,0.16478675603866577,0.27921953797340393
a,0.3320399522781372,0.18216875195503235,0.243032768368721,0.04866964742541313,0.24623830616474152,0.45503583550453186,0.19834883511066437,0.1553407609462738,0.23916715383529663
storm,0.21871116757392883,0.19195154309272766,0.1573115438222885,0.03706187382340431,0.15823447704315186,0.2240765243768692,0.2124454528093338,0.11637361347675323,0.18526427447795868
dispersed,0.2320735603570938,0.3503052592277527,0.03749461472034454,0.014261892065405846,0.168935164809227,0.30776041746139526,0.35157081484794617,0.14737123250961304,0.12745043635368347
the,0.42745697498321533,0.2584269642829895,0.2087954580783844,-0.01540423184633255,0.30240729451179504,0.535392165184021,0.31808504462242126,0.21760721504688263,0.22068053483963013
fleet,0.11475414037704468,0.14618194103240967,0.1486954540014267,0.013549926690757275,0.24649563431739807,0.22896136343479156,0.1910046637058258,0.19820858538150787,0.1324779987335205
.,0.3567904531955719,0.2606835663318634,0.24983328580856323,-0.003708066651597619,0.2760954201221466,0.4645031690597534,0.2684406638145447,0.2347947508096695,0.4130953550338745
