,how,much,did,it,cost,to,build,levi,'s,stadium,?
the,0.33890387415885925,0.35023224353790283,0.34736719727516174,0.6251175999641418,0.23177006840705872,0.535392165184021,0.2602573335170746,0.15661084651947021,-0.01540423184633255,0.21145665645599365,0.22068053483963013
$,0.18718640506267548,0.205519899725914,0.23203131556510925,0.21609486639499664,0.5133980512619019,0.22282108664512634,0.22038355469703674,0.1754407435655594,0.03734852001070976,0.11931068450212479,0.2786129117012024
1.2,0.05520414188504219,0.15078356862068176,0.057040438055992126,0.1118040680885315,0.14262264966964722,0.055144503712654114,0.0918525904417038,0.06259556114673615,-0.015768179669976234,0.11465410888195038,0.15333291888237
billion,0.2582297921180725,0.2614055871963501,0.1482735127210617,0.22730697691440582,0.4303811192512512,0.2046312391757965,0.23998865485191345,0.11972018331289291,0.05775096267461777,0.17138764262199402,0.25791820883750916
stadium,0.054756078869104385,0.13062669336795807,0.14029206335544586,0.24525713920593262,0.1930774301290512,0.2075904905796051,0.2586371898651123,0.16388165950775146,0.06718146800994873,1.0,0.07579939067363739
opened,0.12807206809520721,0.12400025874376297,0.2014526128768921,0.3010956048965454,0.3059171140193939,0.18903055787086487,0.3448904752731323,0.1880219429731369,-0.006441329140216112,0.34056079387664795,0.1934700310230255
in,0.2601168751716614,0.2725222110748291,0.2593238651752472,0.5130809545516968,0.25200018286705017,0.45010748505592346,0.26063278317451477,0.13398480415344238,-0.037580832839012146,0.21361783146858215,0.20430970191955566
2014,0.06244484707713127,0.08842011541128159,-0.002547524170950055,0.06648096442222595,-0.04123673215508461,0.016496146097779274,-0.026090634986758232,0.2084944099187851,-0.012121890671551228,-0.03651968389749527,0.058127544820308685
.,0.3287222981452942,0.3374604284763336,0.35288307070732117,0.5593622326850891,0.26134178042411804,0.4645031690597534,0.275961309671402,0.16844750940799713,-0.003708066651597619,0.1958179920911789,0.4130953550338745
