,how,was,tesla,'s,mechanical,oscillator,powered,?
tesla,0.19128404557704926,0.16455206274986267,0.9999999403953552,0.06449045985937119,0.399202823638916,0.3531121611595154,0.36398810148239136,0.10250775516033173
invented,0.2116408497095108,0.2900676131248474,0.3097662925720215,-0.04714568704366684,0.3311471939086914,0.35248905420303345,0.37609437108039856,0.13781782984733582
a,0.29312583804130554,0.4508470594882965,0.2211925983428955,0.04866964742541313,0.3179347515106201,0.33368220925331116,0.23536208271980286,0.23916715383529663
steam-powered,0.2152099907398224,0.26024293899536133,0.370504766702652,0.004318588878959417,0.47067561745643616,0.37186017632484436,0.8731843829154968,0.1711118370294571
mechanical,0.2613019049167633,0.21271365880966187,0.399202823638916,0.021431105211377144,1.0000001192092896,0.4666294753551483,0.44685056805610657,0.10079140216112137
oscillator—tesla,0.26408833265304565,0.16628727316856384,0.5933902859687805,0.008340887725353241,0.49809345602989197,0.9257254600524902,0.440814733505249,0.18784868717193604
's,-0.026164190843701363,0.008974763564765453,0.06449045985937119,0.9999999403953552,0.021431105211377144,-0.013151172548532486,-0.01444245781749487,-0.023395681753754616
oscillator,0.2326328456401825,0.1482698619365692,0.3531121611595154,-0.013151172548532486,0.4666294753551483,1.0,0.3826243579387665,0.14286847412586212
.,0.3287222981452942,0.40146201848983765,0.17949827015399933,-0.003708066651597619,0.19855202734470367,0.2063176929950714,0.23959338665008545,0.4130953550338745
