,how,many,siblings,did,tesla,have,?
tesla,0.19128404557704926,0.15282970666885376,0.08823376893997192,0.09757418930530548,0.9999999403953552,0.12181562930345535,0.10250775516033173
was,0.16678167879581451,0.260356068611145,0.1398232877254486,0.41399896144866943,0.16455206274986267,0.2863433063030243,0.18412111699581146
the,0.33890387415885925,0.4335206151008606,0.14734090864658356,0.34736719727516174,0.1324402391910553,0.40389683842658997,0.22068053483963013
fourth,0.11421087384223938,0.08846861124038696,0.18714706599712372,0.1447589099407196,0.10864699631929398,0.1545771062374115,0.13791213929653168
of,0.2480744868516922,0.37253960967063904,0.20386160910129547,0.2513895630836487,0.18837453424930573,0.3802283704280853,0.1826142966747284
five,0.20553050935268402,0.41084155440330505,0.22512876987457275,0.1999429613351822,0.12380130589008331,0.35977232456207275,0.18342848122119904
children,0.16621150076389313,0.1948380321264267,0.5441164970397949,0.2211388200521469,0.10628847032785416,0.24149258434772491,0.21788206696510315
.,0.3287222981452942,0.3974229395389557,0.16039606928825378,0.35288307070732117,0.17949827015399933,0.41614407300949097,0.4130953550338745
