,what,religion,did,tesla,grow,up,in,?
tesla,0.23221199214458466,0.10348442941904068,0.09757418930530548,0.9999999403953552,0.1032409816980362,0.17339079082012177,0.17097744345664978,0.10250775516033173
was,0.22111038863658905,0.2115422934293747,0.41399896144866943,0.16455206274986267,0.12265907227993011,0.24070115387439728,0.45514053106307983,0.18412111699581146
raised,0.12998360395431519,0.16352054476737976,0.199112206697464,0.06997410953044891,0.2024431824684143,0.3007703423500061,0.27927297353744507,0.1332261711359024
an,0.2821882665157318,0.10634733736515045,0.22598257660865784,0.13714656233787537,0.1422024965286255,0.2649265229701996,0.2605783939361572,0.19793890416622162
orthodox,0.21725283563137054,0.44180983304977417,0.1732916682958603,0.2568820118904114,0.12199438363313675,0.13812032341957092,0.21750958263874054,0.20826838910579681
christian,0.17849333584308624,0.44423842430114746,0.20078235864639282,0.1294766217470169,0.06203151494264603,0.18327809870243073,0.17218929529190063,0.1508396863937378
.,0.3567904531955719,0.28897368907928467,0.35288307070732117,0.17949827015399933,0.30482572317123413,0.351434588432312,0.5591574311256409,0.4130953550338745
