,in,what,year,did,luther,get,his,degree,?
he,0.41690486669540405,0.3114890456199646,0.2827935814857483,0.3292143940925598,0.2454872578382492,0.25455209612846375,0.7171558737754822,0.25816109776496887,0.2089974731206894
received,0.2772020101547241,0.1010502278804779,0.2765277028083801,0.3125181496143341,0.1771141141653061,0.29492273926734924,0.3627238869667053,0.30802205204963684,0.11905962228775024
his,0.3598145842552185,0.26976513862609863,0.255428284406662,0.3546801507472992,0.27093374729156494,0.24320417642593384,0.9999998807907104,0.218593567609787,0.18075084686279297
master,0.17882928252220154,0.16430073976516724,0.18666596710681915,0.2253885716199875,0.17887485027313232,0.17738565802574158,0.319755882024765,0.4933190941810608,0.11915034055709839
's,-0.037580832839012146,0.02692362666130066,-0.04087831452488899,0.05069678649306297,-0.009990512393414974,-0.031001994386315346,0.047556519508361816,-0.019614629447460175,-0.023395681753754616
degree,0.28089648485183716,0.21753965318202972,0.18867209553718567,0.18228070437908173,0.1314706653356552,0.19377537071704865,0.218593567609787,0.9999999403953552,0.1060895025730133
in,1.0,0.30808621644973755,0.3359307050704956,0.2593238651752472,0.20523880422115326,0.24899829924106598,0.3598145842552185,0.28089648485183716,0.20430970191955566
1505,0.19650669395923615,0.17807336151599884,0.20977310836315155,0.13532480597496033,0.11786014586687088,0.08664020895957947,0.12825770676136017,0.022137613967061043,0.16973243653774261
.,0.5591574311256409,0.3567904531955719,0.32538118958473206,0.35288307070732117,0.24907569587230682,0.39392393827438354,0.3119256794452667,0.20956046879291534,0.4130953550338745
