,what,kind,of,graph,is,an,example,of,an,input,used,in,a,decision,problem,?
the,0.42745697498321533,0.2516445517539978,0.733189046382904,0.26083993911743164,0.5823672413825989,0.4207492768764496,0.3755223751068115,0.733189046382904,0.4207492768764496,0.19928309321403503,0.3718377649784088,0.6662389636039734,0.5829201340675354,0.2905151844024658,0.24928659200668335,0.22068053483963013
input,0.2844698429107666,0.1745036393404007,0.13291659951210022,0.3064287602901459,0.2170686423778534,0.20624928176403046,0.24584804475307465,0.13291659951210022,0.20624928176403046,0.9999999403953552,0.2001955807209015,0.10243455320596695,0.20009170472621918,0.2815944254398346,0.2680823802947998,0.24861721694469452
is,0.28837618231773376,0.3292753994464874,0.4854315221309662,0.2441651076078415,1.0,0.4654068350791931,0.36737263202667236,0.4854315221309662,0.4654068350791931,0.2170686423778534,0.3288823366165161,0.5394441485404968,0.658733606338501,0.2514069080352783,0.23238427937030792,0.22961433231830597
an,0.2821882665157318,0.2510696351528168,0.32280945777893066,0.24688895046710968,0.4654068350791931,1.0,0.3076696991920471,0.32280945777893066,1.0,0.20624928176403046,0.25728896260261536,0.2605783939361572,0.44552403688430786,0.1716570407152176,0.21292734146118164,0.19793890416622162
arbitrary,0.35268616676330566,0.20263372361660004,0.25847867131233215,0.33765077590942383,0.28370773792266846,0.18821825087070465,0.3177246153354645,0.25847867131233215,0.18821825087070465,0.32202646136283875,0.19569991528987885,0.19623883068561554,0.3014353811740875,0.40023863315582275,0.349125474691391,0.3121265172958374
graph,0.2775743007659912,0.24508054554462433,0.24485914409160614,0.9999999403953552,0.2441651076078415,0.24688895046710968,0.3534378707408905,0.24485914409160614,0.24688895046710968,0.3064287602901459,0.25287020206451416,0.19268742203712463,0.2952152192592621,0.16804124414920807,0.32991036772727966,0.20263607800006866
.,0.3567904531955719,0.21254374086856842,0.5352458953857422,0.2842925190925598,0.4569662809371948,0.3581749200820923,0.41217929124832153,0.5352458953857422,0.3581749200820923,0.24013976752758026,0.33111312985420227,0.5591574311256409,0.50484299659729,0.3103445768356323,0.22562150657176971,0.4130953550338745
