,what,did,luther,refuse,to,do,?
luther,0.2134782373905182,0.23667675256729126,1.0,0.2768740952014923,0.18029534816741943,0.10933273285627365,0.1732746809720993
refused,0.19773393869400024,0.5581128597259521,0.24828916788101196,0.8223352432250977,0.41818010807037354,0.25703948736190796,0.14580921828746796
to,0.455847829580307,0.4452643394470215,0.18029534816741943,0.471379816532135,1.0,0.38876664638519287,0.29463258385658264
recant,0.2936279773712158,0.3523991107940674,0.27993398904800415,0.3518761396408081,0.3055589199066162,0.24036377668380737,0.2123151570558548
his,0.26976513862609863,0.3546801507472992,0.27093374729156494,0.29335230588912964,0.3715193271636963,0.15088757872581482,0.18075084686279297
writings,0.31019967794418335,0.262403666973114,0.32714858651161194,0.23000375926494598,0.18383939564228058,0.20442017912864685,0.1770159751176834
.,0.3567904531955719,0.35288307070732117,0.24907569587230682,0.25066500902175903,0.4645031690597534,0.3613996207714081,0.4130953550338745
