,when,did,lev,'s,stadium,open,?
the,0.5091903209686279,0.34736719727516174,0.11797288805246353,-0.01540423184633255,0.21145665645599365,0.2764171361923218,0.22068053483963013
$,0.17828483879566193,0.23203131556510925,0.12902089953422546,0.03734852001070976,0.11931068450212479,0.23230475187301636,0.2786129117012024
1.2,0.03303319588303566,0.057040438055992126,0.10826986283063889,-0.015768179669976234,0.11465410888195038,0.09448644518852234,0.15333291888237
billion,0.17189708352088928,0.1482735127210617,0.15072086453437805,0.05775096267461777,0.17138764262199402,0.21686381101608276,0.25791820883750916
stadium,0.1119866892695427,0.14029206335544586,0.08351225405931473,0.06718146800994873,1.0,0.11827398091554642,0.07579939067363739
opened,0.20552390813827515,0.2014526128768921,0.16298244893550873,-0.006441329140216112,0.34056079387664795,0.39371490478515625,0.1934700310230255
in,0.4431333839893341,0.2593238651752472,0.1374007761478424,-0.037580832839012146,0.21361783146858215,0.27347445487976074,0.20430970191955566
2014,0.1509266346693039,-0.002547524170950055,0.08935984969139099,-0.012121890671551228,-0.03651968389749527,-0.00863691046833992,0.058127544820308685
.,0.475719153881073,0.35288307070732117,0.1408635824918747,-0.003708066651597619,0.1958179920911789,0.28460413217544556,0.4130953550338745
