,what,factor,may,make,a,teacher,'s,role,vary,?
a,0.3320399522781372,0.2596903145313263,0.29255667328834534,0.34303420782089233,1.0,0.31202319264411926,0.04866964742541313,0.22880133986473083,0.24566954374313354,0.23916715383529663
teacher,0.20492632687091827,0.17070673406124115,0.15417979657649994,0.11971144378185272,0.31202319264411926,0.9999998807907104,0.026857737451791763,0.18514810502529144,0.14535647630691528,0.1797819435596466
's,0.02692362666130066,-0.09789333492517471,-0.07006479054689407,0.09622383862733841,0.04866964742541313,0.026857737451791763,0.9999999403953552,0.00619043642655015,0.029683522880077362,-0.023395681753754616
role,0.22614215314388275,0.2639065086841583,0.15055087208747864,0.17770740389823914,0.22880133986473083,0.18514810502529144,0.00619043642655015,0.9999998807907104,0.047402579337358475,0.18676944077014923
may,0.25739946961402893,0.24133498966693878,0.9999998807907104,0.22018355131149292,0.29255667328834534,0.15417979657649994,-0.07006479054689407,0.15055087208747864,0.25261422991752625,0.2768254578113556
vary,0.28041166067123413,0.2355145364999771,0.25261422991752625,0.2695316672325134,0.24566954374313354,0.14535647630691528,0.029683522880077362,0.047402579337358475,1.0,0.15120448172092438
among,0.21154822409152985,0.23212270438671112,0.14789392054080963,0.23908311128616333,0.1789381206035614,0.1709822118282318,0.01186611782759428,0.17850062251091003,0.2365596890449524,0.14343059062957764
cultures,0.22179487347602844,0.21553155779838562,0.20260438323020935,0.25949570536613464,0.21986372768878937,0.1464070826768875,0.004949934780597687,0.09879288822412491,0.32157018780708313,0.1482744663953781
.,0.3567904531955719,0.25708669424057007,0.35826805233955383,0.3547073304653168,0.50484299659729,0.225234717130661,-0.003708066651597619,0.22067026793956757,0.2004905343055725,0.4130953550338745
