,how,quick,was,the,effect,of,luther,'s,preaching,?
the,0.33890387415885925,0.23670247197151184,0.48711544275283813,1.0,0.2865084111690521,0.733189046382904,0.1759674996137619,-0.01540423184633255,0.2620480954647064,0.22068053483963013
effect,0.3210693895816803,0.22260625660419464,0.16271711885929108,0.2865084111690521,1.0,0.24129827320575714,0.11613074690103531,0.03170546516776085,0.13397768139839172,0.1783771812915802
of,0.2480744868516922,0.18324702978134155,0.4069072902202606,0.733189046382904,0.24129827320575714,1.0,0.1719115972518921,-0.03817026689648628,0.2585231065750122,0.1826142966747284
luther,0.13354721665382385,0.1314697265625,0.19185513257980347,0.1759674996137619,0.11613074690103531,0.1719115972518921,1.0,-0.009990512393414974,0.3562355041503906,0.1732746809720993
's,-0.026164190843701363,0.03123766928911209,0.008974763564765453,-0.01540423184633255,0.03170546516776085,-0.03817026689648628,-0.009990512393414974,0.9999999403953552,-0.015076189301908016,-0.023395681753754616
intervention,0.21999064087867737,0.24478335678577423,0.2160787135362625,0.29976826906204224,0.2970876693725586,0.24540026485919952,0.1143253892660141,-0.05484037473797798,0.28277501463890076,0.20387029647827148
was,0.16678167879581451,0.13649864494800568,1.0000001192092896,0.48711544275283813,0.16271711885929108,0.4069072902202606,0.19185513257980347,0.008974763564765453,0.22692738473415375,0.18412111699581146
immediate,0.25244390964508057,0.30801695585250854,0.19370850920677185,0.34819692373275757,0.3091753125190735,0.3290686011314392,0.10031347721815109,-0.01960776187479496,0.28422632813453674,0.2325933575630188
.,0.3287222981452942,0.23678062856197357,0.40146201848983765,0.5934505462646484,0.2277858853340149,0.5352458953857422,0.24907569587230682,-0.003708066651597619,0.24734695255756378,0.4130953550338745
