,what,did,tesla,'s,investors,do,to,him,?
they,0.4431931674480438,0.4879390597343445,0.1470530778169632,0.03738465905189514,0.3194718658924103,0.4667694866657257,0.5452046394348145,0.3713301718235016,0.2753053903579712
eventually,0.28470873832702637,0.36719876527786255,0.1490691900253296,-0.021462872624397278,0.2835727035999298,0.1971498727798462,0.4528551697731018,0.4424140155315399,0.13642115890979767
forced,0.2257918417453766,0.36753809452056885,0.07736244797706604,0.02559546008706093,0.24780072271823883,0.22995615005493164,0.3537954092025757,0.345688134431839,0.17547516524791718
tesla,0.23221199214458466,0.09757418930530548,0.9999999403953552,0.06449045985937119,0.2574658691883087,0.13880622386932373,0.17548894882202148,0.14682093262672424,0.10250775516033173
out,0.3633197546005249,0.28413498401641846,0.2017683982849121,0.0021837172098457813,0.2590865194797516,0.30558764934539795,0.42386990785598755,0.40562137961387634,0.22020699083805084
leaving,0.2528557777404785,0.26762503385543823,0.04802955687046051,-0.012301049195230007,0.18741782009601593,0.2237979918718338,0.3466693162918091,0.30785366892814636,0.11571593582630157
him,0.34912991523742676,0.4290095865726471,0.14682093262672424,0.004161491058766842,0.23607578873634338,0.268117219209671,0.4702378511428833,1.0,0.23943768441677094
penniless,0.2985847592353821,0.24044792354106903,0.10576526075601578,0.019735218957066536,0.2223585993051529,0.17900143563747406,0.30527016520500183,0.4006868004798889,0.2026444971561432
.,0.3567904531955719,0.35288307070732117,0.17949827015399933,-0.003708066651597619,0.18991748988628387,0.3613996207714081,0.4645031690597534,0.30228540301322937,0.4130953550338745
