,what,would,a,preschool,teacher,make,",",salary-wise,?
preschool,0.2599947154521942,0.21635225415229797,0.26152539253234863,1.0000001192092896,0.4352020025253296,0.22349430620670319,0.245544895529747,0.19699089229106903,0.18582090735435486
teachers,0.2526462972164154,0.2516131103038788,0.2509842813014984,0.44160816073417664,0.7334206104278564,0.20419372618198395,0.28049156069755554,0.29685652256011963,0.19522249698638916
may,0.25739946961402893,0.4155452847480774,0.29255667328834534,0.23085808753967285,0.15417979657649994,0.22018355131149292,0.5007920861244202,0.24892635643482208,0.2768254578113556
earn,0.16168662905693054,0.27380162477493286,0.26034015417099,0.2374264895915985,0.2882140874862671,0.3676207959651947,0.2286224514245987,0.4462769627571106,0.20429526269435883
"£20,980",0.037158720195293427,-0.005214332602918148,0.051289185881614685,-0.15319640934467316,-0.13505509495735168,0.09976447373628616,-0.027129434049129486,0.03646024316549301,0.03565303236246109
annually,0.13421958684921265,0.21493804454803467,0.23963487148284912,0.21284689009189606,0.07007592916488647,0.15144729614257812,0.20914174616336823,0.3026801347732544,0.1364409476518631
.,0.3567904531955719,0.35067233443260193,0.50484299659729,0.26025423407554626,0.225234717130661,0.3547073304653168,0.6812511086463928,0.340370237827301,0.4130953550338745
