,what,can,a,principal,make,",",if,he/she,works,for,a,big,school,?
could,0.4188697934150696,0.6550644040107727,0.3736826181411743,0.11756881326436996,0.40028688311576843,0.27399855852127075,0.5034732818603516,0.34856465458869934,0.160004124045372,0.3405117690563202,0.3736826181411743,0.26897233724594116,0.15214446187019348,0.3411986827850342
earn,0.16168662905693054,0.23199506103992462,0.26034015417099,0.1481654942035675,0.3676207959651947,0.2286224514245987,0.2534416615962982,0.282344788312912,0.11788241565227509,0.29041293263435364,0.26034015417099,0.21066662669181824,0.25969839096069336,0.20429526269435883
over,0.28007611632347107,0.3160167336463928,0.32199642062187195,0.17448607087135315,0.2852066159248352,0.3301127254962921,0.2865285277366638,0.26886704564094543,0.195451557636261,0.3419422209262848,0.32199642062187195,0.22031213343143463,0.14844030141830444,0.25742942094802856
"€90,000",-0.07268109917640686,-0.026708194985985756,0.0647449716925621,0.02637374773621559,0.01357949711382389,0.11039379984140396,-0.0024370593018829823,0.010540355928242207,-0.10451852530241013,0.003333937143906951,0.0647449716925621,0.0886310338973999,-0.12353204190731049,-0.11715633422136307
.,0.3567904531955719,0.35783761739730835,0.50484299659729,0.20513196289539337,0.3547073304653168,0.6812511086463928,0.421799898147583,0.2570129334926605,0.28871041536331177,0.4726039469242096,0.50484299659729,0.27374890446662903,0.24214158952236176,0.4130953550338745
