,what,did,herr,gott,",",dich,loben,wir,become,known,as,?
it,0.45803478360176086,0.2993364930152893,0.1447913944721222,0.1772049516439438,0.48329564929008484,0.21130776405334473,0.19543132185935974,0.11865779757499695,0.2850925028324127,0.2640952467918396,0.4461488723754883,0.25732165575027466
became,0.1434093862771988,0.3632316589355469,0.11785385757684708,0.24332541227340698,0.2798398435115814,0.16739535331726074,0.19813430309295654,0.12562745809555054,0.6258460283279419,0.34763747453689575,0.3482101261615753,0.11374033987522125
known,0.20381177961826324,0.25943970680236816,0.16347597539424896,0.1760181337594986,0.3604377806186676,0.18532642722129822,0.18914049863815308,0.09358765184879303,0.20843753218650818,1.0,0.4815765619277954,0.18314571678638458
as,0.31749409437179565,0.3596470057964325,0.2194608747959137,0.1672050654888153,0.48816442489624023,0.1807425171136856,0.22562234103679657,0.08757445216178894,0.36734503507614136,0.4815765619277954,1.0,0.27043893933296204
the,0.42745697498321533,0.34736719727516174,0.15558205544948578,0.1847204715013504,0.4933079481124878,0.11301050335168839,0.2958168685436249,0.15802772343158722,0.31731709837913513,0.3624623417854309,0.48381632566452026,0.22068053483963013
german,0.1960553526878357,0.2048940509557724,0.43302229046821594,0.4566139280796051,0.2478695809841156,0.38545557856559753,0.315394788980484,0.2673918902873993,0.1369035840034485,0.14251220226287842,0.18164515495300293,0.13978645205497742
te,0.18861708045005798,0.10701649636030197,0.15399786829948425,0.2121560126543045,0.18094490468502045,0.2791689932346344,0.13713888823986053,0.19152668118476868,0.1190599873661995,0.17920389771461487,0.18930213153362274,0.16758356988430023
deum,0.3409733176231384,0.1857118457555771,0.14996924996376038,0.2894165813922882,0.23659470677375793,0.38091152906417847,0.2612881064414978,0.17072628438472748,0.18048329651355743,0.23427140712738037,0.22884967923164368,0.2351076304912567
.,0.3567904531955719,0.35288307070732117,0.2818215787410736,0.24600575864315033,0.6812511086463928,0.18451257050037384,0.30797767639160156,0.15036128461360931,0.32859939336776733,0.283290296792984,0.515582263469696,0.4130953550338745
