,what,was,the,anglo-norman,language,'s,final,form,?
it,0.45803478360176086,0.4577186405658722,0.6251175999641418,0.2174801379442215,0.297003835439682,0.06608816236257553,0.20581819117069244,0.31451088190078735,0.25732165575027466
in,0.30808621644973755,0.45514053106307983,0.6662389636039734,0.2537370026111603,0.23268210887908936,-0.037580832839012146,0.25512343645095825,0.2815987169742584,0.20430970191955566
turn,0.29013973474502563,0.1588321030139923,0.3359498679637909,0.13004864752292633,0.1756143867969513,0.04090306907892227,0.1736178994178772,0.3122135102748871,0.2072952687740326
evolved,0.18389853835105896,0.19394710659980774,0.28945574164390564,0.17671190202236176,0.1827475130558014,0.030511988326907158,0.12433166056871414,0.22310882806777954,0.1599971204996109
into,0.2180619090795517,0.2322220653295517,0.39493247866630554,0.1623906046152115,0.19812805950641632,0.00961404386907816,0.1451701670885086,0.32858723402023315,0.15662476420402527
modern,0.2655639946460724,0.23571695387363434,0.3283970355987549,0.24231359362602234,0.22349689900875092,0.03816800191998482,0.07847021520137787,0.16122189164161682,0.12475407868623734
english,0.25060737133026123,0.23000946640968323,0.23982001841068268,0.38472533226013184,0.4612087905406952,0.04063878208398819,0.11004193127155304,0.15339647233486176,0.23251567780971527
.,0.3567904531955719,0.40146201848983765,0.5934505462646484,0.25577521324157715,0.2506868243217468,-0.003708066651597619,0.24325628578662872,0.28317511081695557,0.4130953550338745
