,what,was,tesla,'s,financial,situation,after,being,forced,out,?
they,0.4431931674480438,0.3300964832305908,0.1470530778169632,0.03738465905189514,0.1843268722295761,0.2853546142578125,0.33591970801353455,0.41845834255218506,0.3754396140575409,0.39875903725624084,0.2753053903579712
eventually,0.28470873832702637,0.35699570178985596,0.1490691900253296,-0.021462872624397278,0.2322661429643631,0.27118536829948425,0.5030388236045837,0.39491212368011475,0.36745375394821167,0.41535186767578125,0.13642115890979767
forced,0.2257918417453766,0.21640066802501678,0.07736244797706604,0.02559546008706093,0.20469705760478973,0.22961464524269104,0.3619772791862488,0.24131840467453003,1.0,0.3101345896720886,0.17547516524791718
tesla,0.23221199214458466,0.16455206274986267,0.9999999403953552,0.06449045985937119,0.17402200400829315,0.11635072529315948,0.0752151682972908,0.13586261868476868,0.07736244797706604,0.2017683982849121,0.10250775516033173
out,0.3633197546005249,0.28168347477912903,0.2017683982849121,0.0021837172098457813,0.18503603339195251,0.2343679964542389,0.33628228306770325,0.32819026708602905,0.3101345896720886,1.0,0.22020699083805084
leaving,0.2528557777404785,0.23990856111049652,0.04802955687046051,-0.012301049195230007,0.18840906023979187,0.32045072317123413,0.44249221682548523,0.3665502965450287,0.33828070759773254,0.36275947093963623,0.11571593582630157
him,0.34912991523742676,0.3675798773765564,0.14682093262672424,0.004161491058766842,0.19269636273384094,0.29409611225128174,0.41209572553634644,0.4049389064311981,0.345688134431839,0.40562137961387634,0.23943768441677094
penniless,0.2985847592353821,0.25868847966194153,0.10576526075601578,0.019735218957066536,0.17679527401924133,0.2625112235546112,0.2845703065395355,0.2855129539966583,0.25094175338745117,0.2529515027999878,0.2026444971561432
.,0.3567904531955719,0.40146201848983765,0.17949827015399933,-0.003708066651597619,0.22828321158885956,0.23848983645439148,0.35870397090911865,0.35574623942375183,0.23676170408725739,0.34234723448753357,0.4130953550338745
