,after,the,negotiations,were,done,what,did,luther,experience,?
after,1.0,0.4565047025680542,0.28770020604133606,0.36224013566970825,0.25850024819374084,0.21973377466201782,0.30330467224121094,0.17198127508163452,0.20649880170822144,0.16608688235282898
8,0.03604795038700104,0.0063715726137161255,-0.06637435406446457,-0.03923911228775978,-0.034023966640233994,-0.005443718284368515,-0.004101584665477276,-0.07077237218618393,0.0727323666214943,-0.04056251794099808
a.m.,0.05676809325814247,0.03068288415670395,0.07668399810791016,0.14163552224636078,0.13232304155826569,0.050418004393577576,0.06142153590917587,0.0645604357123375,0.09100773930549622,-0.013456551358103752
",",0.38860568404197693,0.4933079481124878,0.23524239659309387,0.36755475401878357,0.32079052925109863,0.3087472915649414,0.3015086054801941,0.23255878686904907,0.22459560632705688,0.31091248989105225
he,0.3936046361923218,0.4571082592010498,0.24081382155418396,0.31267037987709045,0.24719375371932983,0.3114890456199646,0.3292143940925598,0.2454872578382492,0.27276426553726196,0.2089974731206894
experienced,0.24908983707427979,0.26857760548591614,0.21244433522224426,0.25611475110054016,0.3759477436542511,0.37686559557914734,0.2840498685836792,0.04557066783308983,0.8395277261734009,0.23420310020446777
chest,0.18428801000118256,0.24773523211479187,0.09165076166391373,0.15568514168262482,0.17718319594860077,0.16864338517189026,0.13813361525535583,0.12796975672245026,0.1835179179906845,0.1842467039823532
pains,0.2921501696109772,0.2782427668571472,0.1264558881521225,0.189919114112854,0.3081671893596649,0.2748796343803406,0.2326470911502838,0.21112656593322754,0.287051796913147,0.2510709762573242
.,0.35870397090911865,0.5934505462646484,0.22560903429985046,0.3378238379955292,0.3132319152355194,0.3567904531955719,0.35288307070732117,0.24907569587230682,0.22749435901641846,0.4130953550338745
