,where,can,you,find,more,information,on,a,country,'s,practices,?
for,0.38599511981010437,0.35690054297447205,0.31656414270401,0.3409616947174072,0.3891189992427826,0.3006572127342224,0.36199691891670227,0.44038116931915283,0.2644098401069641,-0.07241261005401611,0.30490195751190186,0.264628142118454
details,0.24066416919231415,0.27124592661857605,0.3062952756881714,0.2655361294746399,0.32326313853263855,0.5500019192695618,0.21829576790332794,0.24855579435825348,0.11956574022769928,0.0189930722117424,0.3004041314125061,0.2643139362335205
of,0.38066378235816956,0.2603091299533844,0.1774725764989853,0.2276865392923355,0.30478984117507935,0.2860049605369568,0.3966929316520691,0.5052502155303955,0.28866857290267944,-0.03817026689648628,0.25354546308517456,0.1826142966747284
individual,0.2943079471588135,0.38304170966148376,0.2922443151473999,0.19591328501701355,0.35432690382003784,0.326820969581604,0.2442283034324646,0.34062352776527405,0.2618366479873657,0.007690947037190199,0.2980968654155731,0.2058374285697937
countries,0.2731434106826782,0.2783487141132355,0.25138670206069946,0.15405374765396118,0.28580373525619507,0.20115743577480316,0.2938643991947174,0.2672088146209717,0.5439597368240356,0.04551587626338005,0.3498881161212921,0.15128466486930847
see,0.3515684902667999,0.43016740679740906,0.47415560483932495,0.4519089162349701,0.3622429370880127,0.36978256702423096,0.2895292341709137,0.3039536476135254,0.2311357855796814,-0.010140474885702133,0.2239677906036377,0.42005208134651184
school,0.23611775040626526,0.09772772341966629,0.1704137623310089,0.11746340245008469,0.1141543760895729,0.15617960691452026,0.2388053983449936,0.2245093584060669,0.18223369121551514,-0.017113132402300835,0.2773430645465851,0.15091250836849213
corporal,0.15824675559997559,0.1557197868824005,0.09858088195323944,0.11847368627786636,0.10886324942111969,0.1152820810675621,0.13016197085380554,0.1676696091890335,0.1546458601951599,-0.004787743557244539,0.13502702116966248,0.1554132103919983
punishment,0.2222001552581787,0.18762408196926117,0.2653067111968994,0.193040132522583,0.20968233048915863,0.14489051699638367,0.21107521653175354,0.1934642344713211,0.18973273038864136,0.0910848006606102,0.32145729660987854,0.23842233419418335
.,0.41390106081962585,0.35783761739730835,0.31283900141716003,0.3133861720561981,0.4070230722427368,0.2787359356880188,0.49257001280784607,0.50484299659729,0.26130348443984985,-0.003708066651597619,0.20493070781230927,0.4130953550338745
