,what,year,did,tesla,die,?
tesla,0.23221199214458466,0.1455472707748413,0.09757418930530548,0.9999999403953552,0.0871504694223404,0.10250775516033173
died,0.11138711869716644,0.23179858922958374,0.2759808599948883,0.04018354043364525,0.3548888862133026,0.15254227817058563
on,0.34226128458976746,0.27628999948501587,0.2670976221561432,0.16159376502037048,0.16166727244853973,0.2714994251728058
7,-0.1699475795030594,-0.12103487551212311,-0.147744283080101,-0.026343144476413727,-0.14148524403572083,-0.15092156827449799
january,0.19257698953151703,0.29697200655937195,0.23508968949317932,0.13615937530994415,0.12963606417179108,0.28608936071395874
1943,-0.007620702963322401,0.08575372397899628,0.0630604550242424,-0.028515523299574852,-0.09408893436193466,-0.08025530725717545
.,0.3567904531955719,0.32538118958473206,0.35288307070732117,0.17949827015399933,0.2658497095108032,0.4130953550338745
