,who,said,",",``,here,i,stand,.,i,can,do,no,other,'',?
luther,0.21013082563877106,0.1821773499250412,0.23255878686904907,-0.013964727520942688,0.2243313491344452,0.232476145029068,0.08359112590551376,0.24907569587230682,0.232476145029068,0.08690808713436127,0.10933273285627365,0.08393751084804535,0.18881922960281372,-0.04572787508368492,0.1732746809720993
refused,0.3154688775539398,0.35993579030036926,0.2687305510044098,0.020462803542613983,0.18939928710460663,0.2635228931903839,0.2396375834941864,0.2353905290365219,0.2635228931903839,0.19548778235912323,0.25703948736190796,0.18866616487503052,0.2578495740890503,-0.02594756707549095,0.14580921828746796
to,0.42656609416007996,0.34274402260780334,0.44245919585227966,0.06720756739377975,0.4292696416378021,0.3140375316143036,0.23655876517295837,0.4645031690597534,0.3140375316143036,0.4979398250579834,0.38876664638519287,0.30015695095062256,0.4193183183670044,-0.009905828163027763,0.29463258385658264
recant,0.2868223488330841,0.2861180901527405,0.25402772426605225,0.10106641799211502,0.2812284529209137,0.30915093421936035,0.1734432429075241,0.24255672097206116,0.30915093421936035,0.144168421626091,0.24036377668380737,0.25321197509765625,0.1966475248336792,0.06619751453399658,0.2123151570558548
his,0.44966956973075867,0.34223124384880066,0.3378419280052185,0.008275155909359455,0.21456658840179443,0.2764712870121002,0.20257389545440674,0.3119256794452667,0.2764712870121002,0.13348791003227234,0.15088757872581482,0.22992993891239166,0.23453344404697418,0.016508836299180984,0.18075084686279297
writings,0.25615644454956055,0.30555665493011475,0.21987015008926392,0.023104794323444366,0.22825995087623596,0.24577070772647858,0.07474720478057861,0.24754001200199127,0.24577070772647858,0.1416664719581604,0.20442017912864685,0.12644493579864502,0.2406190186738968,0.05830637365579605,0.1770159751176834
.,0.3541337847709656,0.33782967925071716,0.6812511086463928,0.05720457062125206,0.39885619282722473,0.33645379543304443,0.2296130359172821,1.0000001192092896,0.33645379543304443,0.35783761739730835,0.3613996207714081,0.35224834084510803,0.41511186957359314,-0.07181349396705627,0.4130953550338745
