,which,organisms,have,chloroplasts,?
chloroplasts,0.3874085545539856,0.6395607590675354,0.29091566801071167,0.9999999403953552,0.13049766421318054
are,0.42922598123550415,0.3114190697669983,0.6577680706977844,0.3103833794593811,0.24591213464736938
only,0.5654799342155457,0.26185962557792664,0.5199421048164368,0.31496280431747437,0.2767370045185089
found,0.25134438276290894,0.24145568907260895,0.32803434133529663,0.23219403624534607,0.16790300607681274
in,0.4840516746044159,0.21345661580562592,0.36843645572662354,0.21141497790813446,0.20430970191955566
plants,0.3458610773086548,0.558559775352478,0.31308507919311523,0.5701043605804443,0.1473488062620163
and,0.506277859210968,0.2444908618927002,0.4711785912513733,0.21511349081993103,0.20544172823429108
algae,0.2617463767528534,0.6522483825683594,0.29609477519989014,0.668745756149292,0.15479309856891632
.,0.45942068099975586,0.2715383470058441,0.41614407300949097,0.23868323862552643,0.4130953550338745
