,what,is,the,present-day,location,of,this,church,?
it,0.45803478360176086,0.6328473687171936,0.6251175999641418,0.3078564703464508,0.27346327900886536,0.38761502504348755,0.6107783317565918,0.23105517029762268,0.25732165575027466
is,0.28837618231773376,1.0,0.5823672413825989,0.29683420062065125,0.25880151987075806,0.4854315221309662,0.480927973985672,0.203276589512825,0.22961433231830597
now,0.4903225302696228,0.39589470624923706,0.38266420364379883,0.30884042382240295,0.17417030036449432,0.29182544350624084,0.3934882581233978,0.22152988612651825,0.29641881585121155
located,0.2034616470336914,0.35717159509658813,0.407527357339859,0.19468632340431213,0.4647977352142334,0.32520920038223267,0.25127312541007996,0.133106991648674,0.08983194828033447
at,0.2838611304759979,0.25906258821487427,0.457212895154953,0.2876521050930023,0.25434181094169617,0.42558613419532776,0.32544323801994324,0.1633070856332779,0.21978627145290375
soho,0.11937052011489868,0.1843758523464203,0.26196151971817017,0.32212668657302856,0.18011964857578278,0.18830963969230652,0.19097764790058136,0.189726322889328,0.12285759299993515
square,0.12660330533981323,0.2405121773481369,0.2809545397758484,0.21052435040473938,0.22389568388462067,0.2585134208202362,0.14187133312225342,0.224387526512146,0.1201515942811966
.,0.3567904531955719,0.4569662809371948,0.5934505462646484,0.29807719588279724,0.27818506956100464,0.5352458953857422,0.500583827495575,0.28898224234580994,0.4130953550338745
