,what,made,the,oil,crisis,worse,in,the,us,?
price,0.18606361746788025,0.1502673327922821,0.22636492550373077,0.3166557550430298,0.20939864218235016,0.21631217002868652,0.2097182273864746,0.22636492550373077,0.19459043443202972,0.14631175994873047
controls,0.23963390290737152,0.15139254927635193,0.33783647418022156,0.11178780347108841,0.16622981429100037,0.2598378360271454,0.20704561471939087,0.33783647418022156,0.13736489415168762,0.11236714571714401
exacerbated,0.3318309783935547,0.20057247579097748,0.33966222405433655,0.20709110796451569,0.29102033376693726,0.454215407371521,0.265819251537323,0.33966222405433655,0.18709497153759003,0.23153939843177795
the,0.42745697498321533,0.3885267674922943,1.0,0.21849922835826874,0.263981431722641,0.22771579027175903,0.6662389636039734,1.0,0.25727739930152893,0.22068053483963013
crisis,0.23514460027217865,0.11877883225679398,0.263981431722641,0.2694509029388428,1.0,0.28681161999702454,0.19426369667053223,0.263981431722641,0.16789236664772034,0.17902959883213043
in,0.30808621644973755,0.25271502137184143,0.6662389636039734,0.21800900995731354,0.19426369667053223,0.2124757468700409,1.0,0.6662389636039734,0.19746538996696472,0.20430970191955566
the,0.42745697498321533,0.3885267674922943,1.0,0.21849922835826874,0.263981431722641,0.22771579027175903,0.6662389636039734,1.0,0.25727739930152893,0.22068053483963013
us,0.32081687450408936,0.16286946833133698,0.25727739930152893,0.20205363631248474,0.16789236664772034,0.1633760631084442,0.19746538996696472,0.25727739930152893,1.0000001192092896,0.2742428481578827
.,0.3567904531955719,0.4032190144062042,0.5934505462646484,0.22117017209529877,0.15965543687343597,0.23167698085308075,0.5591574311256409,0.5934505462646484,0.3162994682788849,0.4130953550338745
