,what,famous,civil,rights,leader,called,harvard,home,?
other,0.341873437166214,0.23237358033657074,0.17309200763702393,0.21818013489246368,0.1510489135980606,0.3308360278606415,0.18755465745925903,0.2030264139175415,0.24682199954986572
:,-0.12022944539785385,0.020688151940703392,-0.03979278728365898,-0.01818257011473179,0.13722100853919983,-0.08732113987207413,-0.027428796514868736,-0.016021601855754852,-0.07156077772378922
civil,0.15091551840305328,0.1702677607536316,1.0,0.4687685966491699,0.22019830346107483,0.1720334142446518,0.2064313143491745,0.04769039899110794,0.1494513899087906
rights,0.2386135458946228,0.14976944029331207,0.4687685966491699,0.9999999403953552,0.23148567974567413,0.14368250966072083,0.10809685289859772,0.16952776908874512,0.21814769506454468
leader,0.15734966099262238,0.2093258500099182,0.22019830346107483,0.23148567974567413,1.0,0.21002903580665588,0.1580597162246704,0.1574167162179947,0.09527933597564697
w.,-0.0846915990114212,-0.08882003277540207,0.017068350687623024,0.02637344039976597,-0.12708666920661926,0.0064161368645727634,0.07434789091348648,0.016676146537065506,-0.07353907823562622
e.,0.05773794278502464,-0.0432673804461956,0.09112729877233505,0.0021219230256974697,-0.03941694647073746,0.01629450172185898,-0.007530485279858112,0.053972627967596054,0.04848470166325569
b,0.13329443335533142,0.1868651807308197,0.20069116353988647,0.16469037532806396,0.24535809457302094,0.19540217518806458,0.24658633768558502,0.06624642759561539,0.1975182741880417
.,0.3567904531955719,0.2322506159543991,0.2541380822658539,0.24957291781902313,0.21285216510295868,0.300344854593277,0.254516065120697,0.3067048490047455,0.4130953550338745
