,what,surrounds,plastoglobuli,?
they,0.4431931674480438,0.25646358728408813,0.38366103172302246,0.2753053903579712
are,0.29724663496017456,0.2977205216884613,0.39545711874961853,0.24591213464736938
surrounded,0.1255793571472168,0.8548226952552795,0.29999780654907227,-0.022393958643078804
by,0.2455483376979828,0.22941306233406067,0.20373699069023132,0.17966607213020325
a,0.3320399522781372,0.2582436203956604,0.30634811520576477,0.23916715383529663
lipid,0.1927666962146759,0.2716957628726959,0.6501219868659973,0.23255859315395355
monolayer,0.3080574870109558,0.3191583752632141,0.49889057874679565,0.21535202860832214
.,0.3567904531955719,0.21727266907691956,0.31105032563209534,0.4130953550338745
