,when,was,amnesty,granted,to,those,responsible,for,the,massacre,?
an,0.33026179671287537,0.3694365322589874,0.20382046699523926,0.150648832321167,0.3138085603713989,0.19012226164340973,0.20550402998924255,0.3236706852912903,0.4207492768764496,0.1448611319065094,0.19793890416622162
amnesty,0.21171791851520538,0.3124127686023712,1.0,0.3436937630176544,0.27222245931625366,0.2565540075302124,0.2874934673309326,0.2805037498474121,0.2687557339668274,0.2504083514213562,0.24651823937892914
granted,0.20104466378688812,0.213484525680542,0.3436937630176544,1.0000001192092896,0.23708537220954895,0.306446373462677,0.26219770312309265,0.2961326837539673,0.27588096261024475,0.07676620781421661,0.22870221734046936
in,0.4431333839893341,0.45514053106307983,0.25553712248802185,0.21880222856998444,0.45010748505592346,0.3419301211833954,0.24309778213500977,0.4322226941585541,0.6662389636039734,0.223619282245636,0.20430970191955566
1573,0.022435326129198074,-0.06822849810123444,0.05554380640387535,-0.0538102462887764,0.015654928982257843,0.096507228910923,0.03792324289679527,0.09486354887485504,-0.00739999208599329,-0.023989146575331688,0.0022641574032604694
pardoned,0.29578274488449097,0.30984076857566833,0.4752853214740753,0.39864036440849304,0.318331241607666,0.2300061732530594,0.23344308137893677,0.2356330156326294,0.2572672367095947,0.2460784614086151,0.2532818615436554
the,0.5091903209686279,0.48711544275283813,0.2687557339668274,0.27588096261024475,0.535392165184021,0.42861196398735046,0.3305104374885559,0.4739971458911896,1.0,0.23870180547237396,0.22068053483963013
perpetrators,0.1754494458436966,0.1336926817893982,0.30676528811454773,0.11787723749876022,0.23151184618473053,0.3329029679298401,0.268378883600235,0.16232389211654663,0.20550300180912018,0.49711015820503235,0.23294362425804138
.,0.475719153881073,0.40146201848983765,0.19154520332813263,0.23590165376663208,0.4645031690597534,0.33163318037986755,0.2309054434299469,0.4726039469242096,0.5934505462646484,0.17124898731708527,0.4130953550338745
