,what,is,the,name,of,the,border,to,the,south,?
to,0.455847829580307,0.42745086550712585,0.535392165184021,0.27806994318962097,0.41548454761505127,0.535392165184021,0.20692045986652374,1.0,0.535392165184021,0.25657615065574646,0.29463258385658264
the,0.42745697498321533,0.5823672413825989,1.0,0.3171212375164032,0.733189046382904,1.0,0.2856229841709137,0.535392165184021,1.0,0.3129390776157379,0.22068053483963013
south,0.15388517081737518,0.27680471539497375,0.3129390776157379,0.21417751908302307,0.33382371068000793,0.3129390776157379,0.3324122130870819,0.25657615065574646,0.3129390776157379,1.0000001192092896,0.12336621433496475
is,0.28837618231773376,1.0,0.5823672413825989,0.3359788954257965,0.4854315221309662,0.5823672413825989,0.22676031291484833,0.42745086550712585,0.5823672413825989,0.27680471539497375,0.22961433231830597
the,0.42745697498321533,0.5823672413825989,1.0,0.3171212375164032,0.733189046382904,1.0,0.2856229841709137,0.535392165184021,1.0,0.3129390776157379,0.22068053483963013
mexico–united,0.24362628161907196,0.2528066039085388,0.36997905373573303,0.26198810338974,0.3368700444698334,0.36997905373573303,0.33987537026405334,0.2871096730232239,0.36997905373573303,0.3788233995437622,0.1840011477470398
states,0.21526020765304565,0.21939043700695038,0.3463578522205353,0.17846445739269257,0.30884552001953125,0.3463578522205353,0.2580440044403076,0.2828785181045532,0.3463578522205353,0.30704712867736816,0.16272737085819244
border,0.26696228981018066,0.22676031291484833,0.2856229841709137,0.1466246247291565,0.24084383249282837,0.2856229841709137,0.9999998807907104,0.20692045986652374,0.2856229841709137,0.3324122130870819,0.1706928312778473
.,0.3567904531955719,0.4569662809371948,0.5934505462646484,0.24737101793289185,0.5352458953857422,0.5934505462646484,0.26349708437919617,0.4645031690597534,0.5934505462646484,0.2798699140548706,0.4130953550338745
