,what,ends,at,this,bend,in,the,rhine,?
here,0.5220553874969482,0.1438971906900406,0.33155959844589233,0.5069567561149597,0.20187050104141235,0.3649226427078247,0.37885698676109314,0.20670028030872345,0.5686008334159851
the,0.42745697498321533,0.3721351623535156,0.457212895154953,0.6274310946464539,0.2507157623767853,0.6662389636039734,1.0,0.30735138058662415,0.22068053483963013
high,0.20466077327728271,0.14734883606433868,0.2874184250831604,0.23107047379016876,0.24519875645637512,0.2652597725391388,0.28034812211990356,0.11970903724431992,0.11137914657592773
rhine,0.16475653648376465,0.20917603373527527,0.19469857215881348,0.16867555677890778,0.19291333854198456,0.24648422002792358,0.30735138058662415,1.0,0.13754533231258392
ends,0.14283879101276398,1.0,0.24826472997665405,0.2286548763513565,0.18142083287239075,0.24871888756752014,0.3721351623535156,0.20917603373527527,0.08867821097373962
.,0.3567904531955719,0.15755970776081085,0.4549728035926819,0.500583827495575,0.29314759373664856,0.5591574311256409,0.5934505462646484,0.2089352011680603,0.4130953550338745
