,the,asante,and,lunda,empires,were,in,which,region,?
historically,0.3502887785434723,0.24936698377132416,0.26152145862579346,0.12291024625301361,0.2706030607223511,0.28720220923423767,0.30565258860588074,0.3545386791229248,0.31412988901138306,0.10566957294940948
recognized,0.31571096181869507,0.15017279982566833,0.2502152621746063,0.1453649401664734,0.20855647325515747,0.2519722282886505,0.3010571300983429,0.28614500164985657,0.15510785579681396,0.18558090925216675
muslim,0.28099653124809265,0.3168446719646454,0.255716472864151,0.19847804307937622,0.35592398047447205,0.21627043187618256,0.2092999517917633,0.20675697922706604,0.20331373810768127,0.17456822097301483
empires,0.33908694982528687,0.2823529839515686,0.3538569211959839,0.2046874314546585,0.9999999403953552,0.3236834406852722,0.23194746673107147,0.22796547412872314,0.31928619742393494,0.15503522753715515
number,0.35145696997642517,0.11118016391992569,0.28545793890953064,0.19770170748233795,0.18683187663555145,0.2910310626029968,0.3024539053440094,0.3661547005176544,0.17890554666519165,0.19256845116615295
in,0.6662389636039734,0.20795242488384247,0.4954058527946472,0.2337638884782791,0.23194746673107147,0.3815755248069763,1.0,0.4840516746044159,0.3524819314479828,0.20430970191955566
the,1.0,0.267441987991333,0.5171257257461548,0.24171172082424164,0.33908694982528687,0.3906462490558624,0.6662389636039734,0.6521818041801453,0.35020557045936584,0.22068053483963013
dozens,0.25807857513427734,0.08672324568033218,0.2928372025489807,0.14434589445590973,0.199787899851799,0.3655236065387726,0.2421349436044693,0.2765679359436035,0.14558525383472443,0.1872013360261917
.,0.5934505462646484,0.21574954688549042,0.588965117931366,0.2546793818473816,0.2821316719055176,0.3378238379955292,0.5591574311256409,0.45942068099975586,0.2506107687950134,0.4130953550338745
