,what,part,of,the,rhine,flows,through,north,rhine-westphalia,?
the,0.42745697498321533,0.527681291103363,0.733189046382904,1.0,0.30735138058662415,0.32405155897140503,0.44071322679519653,0.36298373341560364,0.2987123131752014,0.22068053483963013
lower,0.20079238712787628,0.22235289216041565,0.31757521629333496,0.3463275134563446,0.28043457865715027,0.1973019391298294,0.23060691356658936,0.20818813145160675,0.33768752217292786,0.08471795171499252
rhine,0.16475653648376465,0.23044916987419128,0.2548927664756775,0.30735138058662415,1.0,0.2871347963809967,0.23343999683856964,0.3832572400569916,0.8536794781684875,0.13754533231258392
flows,0.14294633269309998,0.2781178951263428,0.25574392080307007,0.32405155897140503,0.2871347963809967,1.0,0.4745402932167053,0.36481401324272156,0.25380319356918335,0.11636040359735489
through,0.23167094588279724,0.3582339882850647,0.3647414743900299,0.44071322679519653,0.23343999683856964,0.4745402932167053,1.0,0.26369839906692505,0.17858922481536865,0.16913433372974396
north,0.18673177063465118,0.35967114567756653,0.3604778051376343,0.36298373341560364,0.3832572400569916,0.36481401324272156,0.26369839906692505,1.0,0.43572473526000977,0.11829731613397598
rhine-westphalia,0.18833914399147034,0.27386829257011414,0.28209203481674194,0.2987123131752014,0.8536794781684875,0.25380319356918335,0.17858922481536865,0.43572473526000977,0.9999998807907104,0.1265634447336197
.,0.3567904531955719,0.32817673683166504,0.5352458953857422,0.5934505462646484,0.2089352011680603,0.19567762315273285,0.3174465596675873,0.3171539604663849,0.2130468487739563,0.4130953550338745
