,how,are,peridinin-type,chloroplasts,',thylakoids,arranged,?
they,0.43247655034065247,0.610666811466217,0.2625219523906708,0.37369829416275024,0.27022266387939453,0.43200185894966125,0.30982500314712524,0.2753053903579712
contain,0.2636528015136719,0.5326977372169495,0.30125483870506287,0.3972540497779846,0.16268320381641388,0.4001360535621643,0.257419615983963,0.18853069841861725
a,0.29312583804130554,0.265255331993103,0.4232492446899414,0.24622295796871185,0.48837921023368835,0.20871521532535553,0.22070619463920593,0.23916715383529663
pyrenoid,0.2393662929534912,0.29623422026634216,0.4922071099281311,0.4626680314540863,0.20836597681045532,0.4917316436767578,0.2739158272743225,0.2425837367773056
",",0.22659391164779663,0.4062570035457611,0.3603474497795105,0.20794041454792023,0.5178600549697876,0.20282846689224243,0.2789522111415863,0.31091248989105225
and,0.33647966384887695,0.48576638102531433,0.3207939863204956,0.21511349081993103,0.3053182065486908,0.23562830686569214,0.314948171377182,0.20544172823429108
have,0.4370637536048889,0.6577680706977844,0.2760103642940521,0.29091566801071167,0.2580406367778778,0.3933616578578949,0.25285637378692627,0.32991164922714233
triplet-stacked,0.23530350625514984,0.3123679459095001,0.2624484896659851,0.3427447974681854,0.18649685382843018,0.3412189185619354,0.285393625497818,0.17012536525726318
thylakoids,0.20636409521102905,0.4048384726047516,0.3874402344226837,0.6528801918029785,0.12306351959705353,1.0,0.24951514601707458,0.17522360384464264
.,0.3287222981452942,0.3452940285205841,0.3568654954433441,0.23868323862552643,0.4806240200996399,0.20680563151836395,0.22968827188014984,0.4130953550338745
