,what,is,plasmodium,?
the,0.42745697498321533,0.5823672413825989,0.2353251576423645,0.22068053483963013
apicomplexans,0.301292359828949,0.2888018786907196,0.5859999060630798,0.23464730381965637
include,0.1535889357328415,0.28863582015037537,0.18966831266880035,0.14925788342952728
plasmodium,0.16936452686786652,0.2554321587085724,1.0000001192092896,0.18686768412590027
",",0.3087472915649414,0.4691906273365021,0.24318046867847443,0.31091248989105225
the,0.42745697498321533,0.5823672413825989,0.2353251576423645,0.22068053483963013
malaria,0.22301892936229706,0.19805718958377838,0.6431409120559692,0.2527943551540375
parasite,0.10727100819349289,0.19758321344852448,0.6309689879417419,0.1782570779323578
.,0.3567904531955719,0.4569662809371948,0.26419952511787415,0.4130953550338745
