,kurt,h.,debus,was,appointed,what,position,for,the,launch,operations,center,?
debus,0.3057420253753662,-0.08574502170085907,1.0,0.2604331374168396,0.2539249360561371,0.22783474624156952,0.16698554158210754,0.2468542605638504,0.28357821702957153,0.21432240307331085,0.2797052264213562,0.1836739033460617,0.16738484799861908
was,0.27413809299468994,-0.3056058883666992,0.2604331374168396,1.0000001192092896,0.33569878339767456,0.22111038863658905,0.23203803598880768,0.3863949179649353,0.48711544275283813,0.22367219626903534,0.17603980004787445,0.19517986476421356,0.18412111699581146
named,0.16686056554317474,-0.03680790960788727,0.15765327215194702,0.37528327107429504,0.2831374704837799,0.1525408923625946,0.14169488847255707,0.22057102620601654,0.3521348536014557,0.13442561030387878,0.10892830044031143,0.16537611186504364,0.1297498345375061
the,0.18562473356723785,-0.10884115099906921,0.28357821702957153,0.48711544275283813,0.2626524269580841,0.42745697498321533,0.3183514177799225,0.4739971458911896,1.0,0.2628649175167084,0.2928410470485687,0.29064592719078064,0.22068053483963013
loc,0.06291861087083817,0.03287584334611893,0.185967817902565,0.05938400700688362,0.10198399424552917,0.17115765810012817,0.2191361039876938,0.15179257094860077,0.22099626064300537,0.12815648317337036,0.1932021826505661,0.12761595845222473,0.2697237432003021
's,0.028778309002518654,0.06923554092645645,0.1478736847639084,0.008974763564765453,-0.07290255278348923,0.02692362666130066,-0.02956485003232956,-0.07241261005401611,-0.01540423184633255,0.01992534101009369,0.00022089580306783319,-0.006294060964137316,-0.023395681753754616
first,0.22268491983413696,-0.18619415163993835,0.28850436210632324,0.5022147297859192,0.2839486598968506,0.28086137771606445,0.2173307240009308,0.3800288736820221,0.49448907375335693,0.2683251202106476,0.21178287267684937,0.1797400861978531,0.18701928853988647
director,0.2542053163051605,-0.20526516437530518,0.2398359328508377,0.30621418356895447,0.3443993031978607,0.12868234515190125,0.15017898380756378,0.2707504630088806,0.19949141144752502,0.13887923955917358,0.16120198369026184,0.23972800374031067,0.09360282123088837
.,0.2561767101287842,-0.1338450312614441,0.2933436930179596,0.40146201848983765,0.23383042216300964,0.3567904531955719,0.24342353641986847,0.4726039469242096,0.5934505462646484,0.20541822910308838,0.25470927357673645,0.29649654030799866,0.4130953550338745
