,how,many,museums,comprise,harvard,art,museums,?
the,0.33890387415885925,0.4335206151008606,0.2721219062805176,0.30294761061668396,0.24496200680732727,0.20297785103321075,0.2721219062805176,0.22068053483963013
harvard,0.19650645554065704,0.19690528512001038,0.15381252765655518,0.13600511848926544,1.0,0.2155943214893341,0.15381252765655518,0.11685016006231308
art,0.17110610008239746,0.24921295046806335,0.5193453431129456,0.11422863602638245,0.2155943214893341,1.0,0.5193453431129456,0.138971745967865
museums,0.13651123642921448,0.34076806902885437,0.9999999403953552,0.2269618660211563,0.15381252765655518,0.5193453431129456,0.9999999403953552,0.1374243199825287
comprises,0.09174761921167374,0.19863204658031464,0.2571089565753937,0.8938672542572021,0.1422589272260666,0.16365312039852142,0.2571089565753937,0.037654489278793335
three,0.23807744681835175,0.4501400589942932,0.19857268035411835,0.3440248668193817,0.15746012330055237,0.1420862227678299,0.19857268035411835,0.20928427577018738
museums,0.13651123642921448,0.34076806902885437,0.9999999403953552,0.2269618660211563,0.15381252765655518,0.5193453431129456,0.9999999403953552,0.1374243199825287
.,0.3287222981452942,0.3974229395389557,0.2693258821964264,0.185248464345932,0.254516065120697,0.21795564889907837,0.2693258821964264,0.4130953550338745
