,what,is,the,process,by,which,the,adaptive,immune,system,is,evaded,by,the,chainging,of,non-essential,epitopes,called,?
this,0.5489566326141357,0.480927973985672,0.6274310946464539,0.4155423641204834,0.38438332080841064,0.6719430088996887,0.6274310946464539,0.32852840423583984,0.2550543546676636,0.3294329345226288,0.480927973985672,0.33049023151397705,0.38438332080841064,0.6274310946464539,0.2729860842227936,0.45148900151252747,0.405034601688385,0.2673841714859009,0.41327622532844543,0.3155723512172699
is,0.28837618231773376,1.0,0.5823672413825989,0.21762968599796295,0.3899846076965332,0.4457404911518097,0.5823672413825989,0.22713550925254822,0.2092347890138626,0.2282046526670456,1.0,0.16191375255584717,0.3899846076965332,0.5823672413825989,0.20241938531398773,0.4854315221309662,0.2678575813770294,0.2198653221130371,0.430266410112381,0.22961433231830597
called,0.3235960602760315,0.430266410112381,0.489897221326828,0.20657534897327423,0.3092815577983856,0.5573342442512512,0.489897221326828,0.21916532516479492,0.2022581249475479,0.23914183676242828,0.430266410112381,0.17781567573547363,0.3092815577983856,0.489897221326828,0.26209941506385803,0.4222904443740845,0.2461455911397934,0.22876469790935516,1.0,0.18963319063186646
antigenic,0.18815119564533234,0.20996196568012238,0.23666222393512726,0.3373258113861084,0.2196708768606186,0.3492738604545593,0.23666222393512726,0.5036186575889587,0.5446783304214478,0.24800175428390503,0.20996196568012238,0.2556450664997101,0.2196708768606186,0.23666222393512726,0.24929969012737274,0.27262037992477417,0.4297164976596832,0.30816859006881714,0.24785205721855164,0.18524138629436493
variation,0.2104281336069107,0.2888372540473938,0.28104788064956665,0.30853328108787537,0.1935606151819229,0.3617488741874695,0.28104788064956665,0.2556828558444977,0.2380540668964386,0.1608135998249054,0.2888372540473938,0.1482471376657486,0.1935606151819229,0.28104788064956665,0.20373019576072693,0.2677055895328522,0.23426933586597443,0.19539886713027954,0.2281211018562317,0.2178945690393448
.,0.3567904531955719,0.4569662809371948,0.5934505462646484,0.23766504228115082,0.3936232924461365,0.45942068099975586,0.5934505462646484,0.19474436342716217,0.18267881870269775,0.2277725487947464,0.4569662809371948,0.2928885817527771,0.3936232924461365,0.5934505462646484,0.24197444319725037,0.5352458953857422,0.2534121870994568,0.3194344639778137,0.300344854593277,0.4130953550338745
