,which,country,was,the,last,to,receive,the,disease,?
finally,0.4145887494087219,0.18124821782112122,0.3442646861076355,0.4516841769218445,0.3324870467185974,0.4384642541408539,0.1559668779373169,0.4516841769218445,0.1333843320608139,0.16868984699249268
it,0.616637647151947,0.2677888870239258,0.4577186405658722,0.6251175999641418,0.23236626386642456,0.513711154460907,0.1890159547328949,0.6251175999641418,0.2126798927783966,0.25732165575027466
spread,0.31588253378868103,0.1949610561132431,0.16506560146808624,0.28994160890579224,0.0674191266298294,0.2748686373233795,0.21227341890335083,0.28994160890579224,0.36523008346557617,0.16482828557491302
to,0.5345056653022766,0.31281599402427673,0.3636345863342285,0.535392165184021,0.30156898498535156,1.0,0.3372296690940857,0.535392165184021,0.261801153421402,0.29463258385658264
northwestern,0.23448322713375092,0.19859150052070618,0.26058128476142883,0.3394802510738373,0.19205625355243683,0.17196694016456604,0.02654249221086502,0.3394802510738373,0.1983400136232376,0.17284952104091644
russia,0.2146129310131073,0.3537156283855438,0.19469422101974487,0.2746676802635193,0.1481817066669464,0.2318052053451538,0.11218873411417007,0.2746676802635193,0.1705605387687683,0.13907001912593842
in,0.4840516746044159,0.3040012717247009,0.45514053106307983,0.6662389636039734,0.30714505910873413,0.45010748505592346,0.19334688782691956,0.6662389636039734,0.2769028842449188,0.20430970191955566
1351,0.24567590653896332,0.031654562801122665,0.0052885254845023155,0.17955467104911804,0.1106729507446289,0.11865442246198654,-0.063091941177845,0.17955467104911804,0.2082861363887787,-0.00680270791053772
.,0.45942068099975586,0.26130348443984985,0.40146201848983765,0.5934505462646484,0.3548945486545563,0.4645031690597534,0.24563279747962952,0.5934505462646484,0.25074082612991333,0.4130953550338745
