,which,country,does,the,rhine,encounter,it,'s,main,tributaries,?
the,0.6521818041801453,0.30432501435279846,0.35928019881248474,1.0,0.30735138058662415,0.2692548632621765,0.6251175999641418,-0.01540423184633255,0.38631999492645264,0.26380863785743713,0.22068053483963013
rhine,0.18744276463985443,0.23905308544635773,0.13532963395118713,0.30735138058662415,1.0,0.0964832603931427,0.17693428695201874,0.0778765007853508,0.23040270805358887,0.375956654548645,0.13754533231258392
is,0.4457404911518097,0.24409033358097076,0.4403602182865143,0.5823672413825989,0.15617261826992035,0.2231217920780182,0.6328473687171936,0.02396530658006668,0.3009335994720459,0.1916106641292572,0.22961433231830597
the,0.6521818041801453,0.30432501435279846,0.35928019881248474,1.0,0.30735138058662415,0.2692548632621765,0.6251175999641418,-0.01540423184633255,0.38631999492645264,0.26380863785743713,0.22068053483963013
longest,0.2766876220703125,0.18860022723674774,0.1577104777097702,0.36807993054389954,0.19583860039710999,0.1573621928691864,0.24830469489097595,0.0136581901460886,0.2718116343021393,0.29530659317970276,0.1404971331357956
river,0.25416892766952515,0.1860176920890808,0.14026834070682526,0.2894456386566162,0.3672541379928589,0.10367726534605026,0.24976809322834015,-0.03599277883768082,0.23717069625854492,0.7367188930511475,0.15390869975090027
in,0.4840516746044159,0.3040012717247009,0.214483380317688,0.6662389636039734,0.24648422002792358,0.20581944286823273,0.5130809545516968,-0.037580832839012146,0.28862449526786804,0.1828715056180954,0.20430970191955566
germany,0.2479574829339981,0.3162744343280792,0.1539989709854126,0.3181285262107849,0.5801170468330383,0.07993152737617493,0.27234339714050293,0.07082316279411316,0.22822625935077667,0.17032639682292938,0.1388660967350006
.,0.45942068099975586,0.26130348443984985,0.3022993505001068,0.5934505462646484,0.2089352011680603,0.24597306549549103,0.5593622326850891,-0.003708066651597619,0.31122034788131714,0.13601356744766235,0.4130953550338745
