,what,are,apicomplexans,a,type,of,?
apicomplexans,0.301292359828949,0.4530037045478821,0.9999998807907104,0.332450807094574,0.29367145895957947,0.3482588231563568,0.23464730381965637
are,0.29724663496017456,1.0,0.4530037045478821,0.265255331993103,0.24155041575431824,0.39081433415412903,0.24591213464736938
another,0.4190070629119873,0.23159852623939514,0.31829628348350525,0.6191956996917725,0.27761194109916687,0.38147079944610596,0.295511931180954
group,0.2114069163799286,0.35980498790740967,0.3378017246723175,0.2594761848449707,0.23933224380016327,0.25542253255844116,0.13827809691429138
of,0.33290785551071167,0.39081433415412903,0.3482588231563568,0.5052502155303955,0.18112817406654358,1.0,0.1826142966747284
chromalveolates,0.32714012265205383,0.39466291666030884,0.5785383582115173,0.25929465889930725,0.2553670108318329,0.27137491106987,0.2509234547615051
.,0.3567904531955719,0.3452940285205841,0.3341436982154846,0.50484299659729,0.23195341229438782,0.5352458953857422,0.4130953550338745
