,where,does,the,rhine,encounter,it,'s,tributary,the,neckar,?
the,0.5003893971443176,0.35928019881248474,1.0,0.30735138058662415,0.2692548632621765,0.6251175999641418,-0.01540423184633255,0.2506791055202484,1.0,0.23835383355617523,0.22068053483963013
rhine,0.2007746696472168,0.13532963395118713,0.30735138058662415,1.0,0.0964832603931427,0.17693428695201874,0.0778765007853508,0.38415995240211487,0.30735138058662415,0.5317907929420471,0.13754533231258392
is,0.3586711287498474,0.4403602182865143,0.5823672413825989,0.15617261826992035,0.2231217920780182,0.6328473687171936,0.02396530658006668,0.21056076884269714,0.5823672413825989,0.21973341703414917,0.22961433231830597
the,0.5003893971443176,0.35928019881248474,1.0,0.30735138058662415,0.2692548632621765,0.6251175999641418,-0.01540423184633255,0.2506791055202484,1.0,0.23835383355617523,0.22068053483963013
longest,0.19009456038475037,0.1577104777097702,0.36807993054389954,0.19583860039710999,0.1573621928691864,0.24830469489097595,0.0136581901460886,0.28628116846084595,0.36807993054389954,0.229261115193367,0.1404971331357956
river,0.1886204034090042,0.14026834070682526,0.2894456386566162,0.3672541379928589,0.10367726534605026,0.24976809322834015,-0.03599277883768082,0.7422162294387817,0.2894456386566162,0.334865003824234,0.15390869975090027
in,0.5344807505607605,0.214483380317688,0.6662389636039734,0.24648422002792358,0.20581944286823273,0.5130809545516968,-0.037580832839012146,0.19257056713104248,0.6662389636039734,0.26427319645881653,0.20430970191955566
germany,0.20900733768939972,0.1539989709854126,0.3181285262107849,0.5801170468330383,0.07993152737617493,0.27234339714050293,0.07082316279411316,0.1853502243757248,0.3181285262107849,0.5125743746757507,0.1388660967350006
.,0.41390106081962585,0.3022993505001068,0.5934505462646484,0.2089352011680603,0.24597306549549103,0.5593622326850891,-0.003708066651597619,0.11783399432897568,0.5934505462646484,0.22223466634750366,0.4130953550338745
