,what,kind,of,government,does,kenya,have,?
kenya,0.18398970365524292,0.15539714694023132,0.22226637601852417,0.21103361248970032,0.15162554383277893,1.0,0.17783501744270325,0.17197901010513306
is,0.28837618231773376,0.3292753994464874,0.4854315221309662,0.20343491435050964,0.4403602182865143,0.17591087520122528,0.3613572418689728,0.22961433231830597
a,0.3320399522781372,0.42310917377471924,0.5052502155303955,0.25158295035362244,0.38201746344566345,0.1701713502407074,0.338716596364975,0.23916715383529663
presidential,0.14383156597614288,0.0975869670510292,0.226227268576622,0.36327826976776123,0.17048168182373047,0.2612318992614746,0.16171766817569733,0.1823401004076004
representative,0.19021190702915192,0.15331967175006866,0.31028270721435547,0.2932136058807373,0.13451902568340302,0.16726678609848022,0.12824414670467377,0.13044437766075134
democratic,0.1858556717634201,0.08241019397974014,0.2273487150669098,0.38637134432792664,0.1422075480222702,0.2757164239883423,0.15689727663993835,0.1668088138103485
republic,0.18626701831817627,0.09259479492902756,0.2802940905094147,0.3786710202693939,0.13251185417175293,0.2751295268535614,0.14524151384830475,0.16880398988723755
.,0.3567904531955719,0.21254374086856842,0.5352458953857422,0.2521961033344269,0.3022993505001068,0.24234211444854736,0.41614407300949097,0.4130953550338745
