,the,pleistocene,epoch,takes,place,during,which,period,?
q,0.17467540502548218,0.12721724808216095,0.11709585040807724,0.06572873145341873,0.14587250351905823,0.10686852037906647,0.1621074080467224,0.08222909271717072,0.31306079030036926
stands,0.31032469868659973,0.12042289227247238,0.1341155469417572,0.27759498357772827,0.23798073828220367,0.10075493156909943,0.28940141201019287,0.15865837037563324,0.10421594232320786
for,0.4739971458911896,0.11952345073223114,0.11486479640007019,0.2826521694660187,0.3033463954925537,0.3448435664176941,0.44095608592033386,0.27999383211135864,0.264628142118454
the,1.0,0.2248685359954834,0.25456464290618896,0.33578023314476013,0.4179787337779999,0.4838213622570038,0.6521818041801453,0.3125074505805969,0.22068053483963013
quaternary,0.3165678381919861,0.5663031935691833,0.5385452508926392,0.17116491496562958,0.19184090197086334,0.3442865312099457,0.36353158950805664,0.46663135290145874,0.1462450623512268
period,0.3125074505805969,0.38612794876098633,0.46893346309661865,0.1909126490354538,0.21228475868701935,0.5020045042037964,0.31679004430770874,1.0,0.18706195056438446
.,0.5934505462646484,0.2261408269405365,0.24761366844177246,0.23161891102790833,0.2844318151473999,0.3485563397407532,0.45942068099975586,0.2575049102306366,0.4130953550338745
