,when,did,mongke,khan,die,?
he,0.39115971326828003,0.3292143940925598,0.25589868426322937,0.24136358499526978,0.2030687779188156,0.2089974731206894
died,0.20204433798789978,0.2759808599948883,0.301635205745697,0.1835235059261322,0.3548888862133026,0.15254227817058563
in,0.4431333839893341,0.2593238651752472,0.2523330748081207,0.1527150720357895,0.18641351163387299,0.20430970191955566
1259,0.034837279468774796,0.0329873152077198,0.12977758049964905,0.023885004222393036,0.10775913298130035,0.03581131994724274
without,0.4284721314907074,0.3172723054885864,0.17772452533245087,0.12547244131565094,0.1685566008090973,0.2928665280342102
a,0.44397395849227905,0.2552328109741211,0.1973758190870285,0.1743650734424591,0.18494991958141327,0.23916715383529663
successor,0.1862170696258545,0.2361486852169037,0.21074673533439636,0.2138257473707199,0.08808465301990509,0.0913006067276001
.,0.475719153881073,0.35288307070732117,0.2765486538410187,0.19819748401641846,0.2658497095108032,0.4130953550338745
