,what,can,construction,projects,suffer,from,?
construction,0.20329850912094116,0.1424357146024704,1.0,0.44411301612854004,0.14901210367679596,0.15699175000190735,0.13494056463241577
projects,0.28646913170814514,0.2713368237018585,0.44411301612854004,1.0,0.17000024020671844,0.1961805820465088,0.3193145990371704
can,0.34502777457237244,1.0,0.1424357146024704,0.2713368237018585,0.33131006360054016,0.2516351342201233,0.3226337134838104
suffer,0.3221397399902344,0.33131006360054016,0.14901210367679596,0.17000024020671844,0.9999998807907104,0.24764131009578705,0.15359681844711304
from,0.2737620174884796,0.2516351342201233,0.15699175000190735,0.1961805820465088,0.24764131009578705,1.0,0.19969791173934937
preventable,0.35777997970581055,0.49511459469795227,0.20287549495697021,0.2845587730407715,0.3547845482826233,0.23380473256111145,0.3220236599445343
financial,0.1900392472743988,0.18556718528270721,0.37158337235450745,0.3199208974838257,0.25216034054756165,0.22108370065689087,0.06444920599460602
problems,0.3306994140148163,0.326987624168396,0.20460668206214905,0.354453444480896,0.4196527898311615,0.21618343889713287,0.2638136148452759
.,0.3567904531955719,0.35783761739730835,0.23682771623134613,0.2564103305339813,0.18533723056316376,0.41536515951156616,0.4130953550338745
