,when,did,arpnet,and,sita,become,operational
arpanet,0.17846861481666565,0.08683142066001892,0.6905558109283447,0.25149524211883545,0.18283800780773163,0.13410648703575134,0.29570332169532776
and,0.4716290831565857,0.34479495882987976,0.2813871204853058,1.0,0.24541334807872772,0.3416603207588196,0.289266973733902
sita,0.09284030646085739,0.09150379151105881,0.14259763062000275,0.24541334807872772,1.0,0.17695365846157074,0.12073317170143127
hln,0.16675899922847748,0.09889247268438339,0.18448619544506073,0.1799517124891281,0.22028473019599915,0.10726582258939743,0.2858414947986603
became,0.32363733649253845,0.3632316589355469,0.13836725056171417,0.31226563453674316,0.1835111528635025,0.6258460283279419,0.13929693400859833
operational,0.18490567803382874,0.16791726648807526,0.2419382631778717,0.289266973733902,0.12073317170143127,0.09880112111568451,1.0
in,0.4431333839893341,0.2593238651752472,0.2357572615146637,0.4954058527946472,0.1392030566930771,0.23238378763198853,0.29099521040916443
1969,0.27408403158187866,0.20070725679397583,0.17556262016296387,0.21076583862304688,0.22396814823150635,0.1716352254152298,0.10784198343753815
.,0.475719153881073,0.35288307070732117,0.31292131543159485,0.588965117931366,0.21387477219104767,0.32859939336776733,0.24460521340370178
