,what,year,did,thompsons,indicate,mt,kenya,?
kenia,0.14629223942756653,0.15042006969451904,0.11466643959283829,0.13428644835948944,0.1084437295794487,0.2728842794895172,0.4406864047050476,0.15588365495204926
",",0.3087472915649414,0.28560417890548706,0.3015086054801941,0.31917884945869446,0.21923933923244476,0.19754783809185028,0.23432263731956482,0.31091248989105225
1862,0.069773368537426,0.06406810879707336,0.01475259754806757,0.05807621404528618,0.11298168450593948,0.12185239046812057,0.21348847448825836,0.06664664298295975
.,0.3567904531955719,0.32538118958473206,0.35288307070732117,0.31828728318214417,0.2048257440328598,0.2182675153017044,0.24234211444854736,0.4130953550338745
