,how,many,doctor,who,soundtracks,have,been,released,since,2005,?
six,0.20644865930080414,0.37673795223236084,0.12391873449087143,0.19475196301937103,0.19765017926692963,0.32482776045799255,0.2919321656227112,0.2106393575668335,0.29232925176620483,0.008373758755624294,0.15298804640769958
soundtrack,0.19717250764369965,0.1828753501176834,0.18895506858825684,0.1825881004333496,0.939648449420929,0.19379189610481262,0.16996493935585022,0.562637984752655,0.18928448855876923,0.1130618080496788,0.19783036410808563
releases,0.21375016868114471,0.23390503227710724,0.12960651516914368,0.0726393461227417,0.41287267208099365,0.2298349291086197,0.1650305539369583,0.7067022919654846,0.18320663273334503,0.0007618966046720743,0.12452229112386703
have,0.4370637536048889,0.5841760635375977,0.17649078369140625,0.39246654510498047,0.21040187776088715,0.9999999403953552,0.6493861675262451,0.19418354332447052,0.47784632444381714,-0.03018493391573429,0.32991164922714233
been,0.26456597447395325,0.4963826537132263,0.12184444069862366,0.3295723795890808,0.18850988149642944,0.6493861675262451,0.9999998807907104,0.1854143887758255,0.6581953763961792,0.01425363402813673,0.24354910850524902
released,0.17113035917282104,0.19981540739536285,0.16010989248752594,0.15033993124961853,0.5510144829750061,0.19418354332447052,0.1854143887758255,1.0,0.1930806040763855,0.10535963624715805,0.20329579710960388
since,0.2347431182861328,0.34386345744132996,0.10913390666246414,0.27765995264053345,0.19010309875011444,0.47784632444381714,0.6581953763961792,0.1930806040763855,1.0000001192092896,0.027849651873111725,0.2876587212085724
2005,0.03437461704015732,0.10787120461463928,0.07635467499494553,0.18423187732696533,0.11416405439376831,-0.03018493391573429,0.01425363402813673,0.10535963624715805,0.027849651873111725,1.0,0.10709824413061142
.,0.3287222981452942,0.3974229395389557,0.22361043095588684,0.3541337847709656,0.2030441164970398,0.41614407300949097,0.33645182847976685,0.298698753118515,0.431787371635437,0.0678042471408844,0.4130953550338745
