,how,are,victorian,cabinet,members,chosen,?
cabinet,0.13558977842330933,0.13894490897655487,0.25735190510749817,1.0,0.33047765493392944,0.23999828100204468,0.16409438848495483
consists,0.14797210693359375,0.43408724665641785,0.18636833131313324,0.17713643610477448,0.3005954921245575,0.19283251464366913,-0.004641483072191477
of,0.2480744868516922,0.39081433415412903,0.28338366746902466,0.27811557054519653,0.28120753169059753,0.3265131711959839,0.1826142966747284
representatives,0.1742788553237915,0.19635742902755737,0.22712641954421997,0.38998088240623474,0.41000786423683167,0.29515889286994934,0.14079871773719788
elected,0.15145733952522278,0.08523022383451462,0.19411228597164154,0.44922250509262085,0.37164974212646484,0.44294726848602295,0.1966295689344406
to,0.44169697165489197,0.3504326641559601,0.18664970993995667,0.21436810493469238,0.26617446541786194,0.30746549367904663,0.29463258385658264
either,0.35004037618637085,0.4060882031917572,0.1978837251663208,0.20966960489749908,0.14940114319324493,0.21393537521362305,0.31498292088508606
house,0.19348092377185822,0.15609823167324066,0.26484405994415283,0.32982301712036133,0.33999237418174744,0.13292469084262848,0.13736455142498016
of,0.2480744868516922,0.39081433415412903,0.28338366746902466,0.27811557054519653,0.28120753169059753,0.3265131711959839,0.1826142966747284
parliament,0.13635116815567017,0.09480422735214233,0.3065771162509918,0.5042983889579773,0.3503897786140442,0.2338375598192215,0.1586504578590393
.,0.3287222981452942,0.3452940285205841,0.22745303809642792,0.24969246983528137,0.21119362115859985,0.242553249001503,0.4130953550338745
