,what,does,the,ruhr,provide,to,it,'s,community,?
the,0.42745697498321533,0.35928019881248474,1.0,0.27070897817611694,0.26373472809791565,0.535392165184021,0.6251175999641418,-0.01540423184633255,0.2601400911808014,0.22068053483963013
ruhr,0.18594931066036224,0.16669385135173798,0.27070897817611694,1.0,0.1931987851858139,0.20482556521892548,0.1826256960630417,0.05012482404708862,0.1619061976671219,0.15307492017745972
currently,0.21436211466789246,0.2973312437534332,0.2945235073566437,0.09859264642000198,0.17985844612121582,0.2719990611076355,0.2645350694656372,-0.0480838343501091,0.28992027044296265,0.1861555278301239
provides,0.16175243258476257,0.3404599130153656,0.29657405614852905,0.18138884007930756,0.7857827544212341,0.2667657732963562,0.19084374606609344,-0.031033284962177277,0.2281077802181244,0.1500944346189499
the,0.42745697498321533,0.35928019881248474,1.0,0.27070897817611694,0.26373472809791565,0.535392165184021,0.6251175999641418,-0.01540423184633255,0.2601400911808014,0.22068053483963013
region,0.2298986315727234,0.10874218493700027,0.35020557045936584,0.2856046259403229,0.18720635771751404,0.24118299782276154,0.34900152683258057,-0.058744437992572784,0.22781234979629517,0.13441751897335052
with,0.2464839518070221,0.26186925172805786,0.4223487675189972,0.17252740263938904,0.3074512183666229,0.4239959120750427,0.3369046747684479,-0.04624466598033905,0.15797209739685059,0.2433311939239502
drinking,0.21567115187644958,0.19787243008613586,0.24362654983997345,0.20278771221637726,0.2120346575975418,0.23371180891990662,0.26442384719848633,0.053324051201343536,0.0669877901673317,0.18765781819820404
water,0.17456887662410736,0.29202038049697876,0.297396719455719,0.15512174367904663,0.2511608302593231,0.27858173847198486,0.31979092955589294,0.06513497978448868,0.1428159773349762,0.14731885492801666
.,0.3567904531955719,0.3022993505001068,0.5934505462646484,0.25665396451950073,0.23842981457710266,0.4645031690597534,0.5593622326850891,-0.003708066651597619,0.2594514787197113,0.4130953550338745
