,when,was,7,lincoln,square,completed,?
both,0.435994029045105,0.2990766167640686,-0.0961703211069107,0.21928463876247406,0.1437787562608719,0.20025406777858734,0.19455738365650177
buildings,0.20478227734565735,0.2350262999534607,-0.0657442957162857,0.18256711959838867,0.30092841386795044,0.3978257179260254,0.11192528158426285
were,0.29649975895881653,0.590133786201477,-0.05149832367897034,0.18367117643356323,0.15575926005840302,0.19010283052921295,0.17890112102031708
completed,0.1893177628517151,0.3156263828277588,-0.08104465156793594,0.20284642279148102,0.15783660113811493,1.0,0.08272653818130493
in,0.4431333839893341,0.45514053106307983,-0.02604081481695175,0.20471984148025513,0.2193731665611267,0.2960484027862549,0.20430970191955566
june,0.2469879388809204,0.42821118235588074,0.07319556176662445,0.1626259833574295,0.11534234881401062,0.1999950408935547,0.31416764855384827
1979,0.20640838146209717,0.1920030564069748,-0.0734303817152977,0.08319524675607681,0.08882179111242294,0.07231350988149643,0.09159877151250839
.,0.475719153881073,0.40146201848983765,-0.00045486254384741187,0.24397696554660797,0.2698345184326172,0.2763804793357849,0.4130953550338745
