,who,is,the,current,captian,of,the,cricket,team,?
their,0.3767721951007843,0.2101074606180191,0.516537070274353,0.18771663308143616,0.17094263434410095,0.4329940676689148,0.516537070274353,0.16700612008571625,0.20038257539272308,0.1898253709077835
current,0.18425484001636505,0.2555285692214966,0.3314409554004669,1.0,0.0921320915222168,0.31470298767089844,0.3314409554004669,0.14654770493507385,0.22668194770812988,0.12074550241231918
captain,0.34573128819465637,0.15272431075572968,0.2267821580171585,0.1694910079240799,0.3336622714996338,0.12030947953462601,0.2267821580171585,0.312096506357193,0.30357804894447327,0.12160754203796387
is,0.24293622374534607,1.0,0.5823672413825989,0.2555285692214966,0.10456564277410507,0.4854315221309662,0.5823672413825989,0.18039685487747192,0.14871908724308014,0.22961433231830597
rakep,0.14145104587078094,0.16642794013023376,0.17326225340366364,0.12130182981491089,0.23596340417861938,0.1775118112564087,0.17326225340366364,0.26173314452171326,0.1753857433795929,0.0895824059844017
patel,0.24641862511634827,0.1390279084444046,0.19535914063453674,0.16714102029800415,0.12006348371505737,0.14728006720542908,0.19535914063453674,0.25044310092926025,0.19300219416618347,0.0990891382098198
.,0.3541337847709656,0.4569662809371948,0.5934505462646484,0.29179835319519043,0.20614756643772125,0.5352458953857422,0.5934505462646484,0.26562386751174927,0.26467522978782654,0.4130953550338745
