,how,many,full,time,teachers,does,victoria,have,?
victoria,0.09004101157188416,0.1926158368587494,0.15371201932430267,0.14946000277996063,0.13549013435840607,0.09501408785581589,1.0,0.16480252146720886,0.12246892601251602
has,0.26820555329322815,0.4266262650489807,0.22683994472026825,0.25164222717285156,0.14576952159404755,0.42885294556617737,0.12203460186719894,0.6353569626808167,0.15994466841220856
about,0.44264400005340576,0.3800397515296936,0.1477138102054596,0.305572509765625,0.2277327924966812,0.26877498626708984,0.13209839165210724,0.3940475583076477,0.302409827709198
"63,519",0.07017762213945389,0.10102415829896927,-0.0958302766084671,-0.09762541949748993,-0.03933785483241081,-0.006100353319197893,-0.14431875944137573,0.009407746605575085,-0.09379680454730988
full-time,0.32950559258461,0.2747269570827484,0.5236124992370605,0.4931235909461975,0.281361848115921,0.28362512588500977,0.1776317059993744,0.3474670648574829,0.2854166030883789
teachers,0.24127359688282013,0.29123616218566895,0.2173161804676056,0.23710069060325623,1.0,0.1685517579317093,0.13549013435840607,0.25109589099884033,0.19522249698638916
.,0.3287222981452942,0.3974229395389557,0.23337839543819427,0.371569961309433,0.24628326296806335,0.3022993505001068,0.23069117963314056,0.41614407300949097,0.4130953550338745
