,who,is,on,the,ipcc,panel,?
the,0.3733934462070465,0.5823672413825989,0.5107308030128479,1.0,0.24925659596920013,0.20552968978881836,0.22068053483963013
ipcc,0.21932992339134216,0.15563958883285522,0.24879392981529236,0.24925659596920013,1.0000001192092896,0.393046110868454,0.22295254468917847
panel,0.1568932980298996,0.18071286380290985,0.2235172837972641,0.20552968978881836,0.393046110868454,1.0000001192092896,0.1475982517004013
is,0.24293622374534607,1.0,0.3635730445384979,0.5823672413825989,0.15563958883285522,0.18071286380290985,0.22961433231830597
composed,0.13117516040802002,0.18838012218475342,0.20999443531036377,0.21816956996917725,0.10537367314100266,0.10605699568986893,0.0784355029463768
of,0.2827862501144409,0.4854315221309662,0.3966929316520691,0.733189046382904,0.20174051821231842,0.16366299986839294,0.1826142966747284
representatives,0.19269686937332153,0.17083242535591125,0.19087845087051392,0.2691882848739624,0.24896223843097687,0.26038169860839844,0.14079871773719788
appointed,0.3215055465698242,0.10446545481681824,0.15697096288204193,0.2626524269580841,0.2502022981643677,0.22697526216506958,0.13895352184772491
by,0.39727845788002014,0.3899846076965332,0.33887791633605957,0.4408751428127289,0.18031758069992065,0.20158062875270844,0.17966607213020325
governments,0.31170156598091125,0.203748419880867,0.2014729380607605,0.2835306227207184,0.37634360790252686,0.19888266921043396,0.18805137276649475
and,0.41279885172843933,0.3859752118587494,0.4077630043029785,0.5171257257461548,0.20790739357471466,0.16468550264835358,0.20544172823429108
organizations,0.30136746168136597,0.16318725049495697,0.21576854586601257,0.2850687503814697,0.38331589102745056,0.17798639833927155,0.22215601801872253
.,0.3541337847709656,0.4569662809371948,0.49257001280784607,0.5934505462646484,0.20098818838596344,0.17690852284431458,0.4130953550338745
