,what,treaty,took,the,place,of,constitutional,treaty,?
instead,0.4104403555393219,0.1570306420326233,0.1340474933385849,0.3940567970275879,0.18223416805267334,0.31208282709121704,0.23217150568962097,0.1570306420326233,0.2942638397216797
",",0.3087472915649414,0.21270246803760529,0.27655306458473206,0.4933079481124878,0.34068408608436584,0.4946078956127167,0.26596060395240784,0.21270246803760529,0.31091248989105225
the,0.42745697498321533,0.2690109610557556,0.31657639145851135,1.0,0.4179787337779999,0.733189046382904,0.2926941215991974,0.2690109610557556,0.22068053483963013
lisbon,0.1698790043592453,0.3112119436264038,0.22115646302700043,0.28707155585289,0.19978362321853638,0.23450347781181335,0.1863180696964264,0.3112119436264038,0.14563871920108795
treaty,0.17237819731235504,1.0,0.23911061882972717,0.2690109610557556,0.19014258682727814,0.2602092921733856,0.4070098400115967,1.0,0.1174844279885292
was,0.22111038863658905,0.2409621626138687,0.48213186860084534,0.48711544275283813,0.26867109537124634,0.4069072902202606,0.2571640908718109,0.2409621626138687,0.18412111699581146
enacted,0.26410800218582153,0.33889010548591614,0.25751325488090515,0.2723487913608551,0.18440338969230652,0.28466466069221497,0.4924141764640808,0.33889010548591614,0.21675309538841248
.,0.3567904531955719,0.17410176992416382,0.2481018751859665,0.5934505462646484,0.2844318151473999,0.5352458953857422,0.22597159445285797,0.17410176992416382,0.4130953550338745
