,what,are,chloroplasts,descended,from,?
cyanobacteria,0.2489619106054306,0.3043197691440582,0.7097216844558716,0.2818308472633362,0.23681266605854034,0.2106003761291504
are,0.29724663496017456,1.0,0.3103833794593811,0.22590206563472748,0.2674213647842407,0.24591213464736938
considered,0.2834889590740204,0.35714471340179443,0.19679482281208038,0.2672845125198364,0.21508969366550446,0.19909770786762238
the,0.42745697498321533,0.40399202704429626,0.23062430322170258,0.2755005657672882,0.40150508284568787,0.22068053483963013
ancestors,0.22683857381343842,0.2629108130931854,0.30823272466659546,0.650394856929779,0.2414933741092682,0.16007879376411438
of,0.33290785551071167,0.39081433415412903,0.23179760575294495,0.3058927059173584,0.4249346852302551,0.1826142966747284
chloroplasts,0.2524593770503998,0.3103833794593811,0.9999999403953552,0.2466644048690796,0.21740731596946716,0.13049766421318054
.,0.3567904531955719,0.3452940285205841,0.23868323862552643,0.16979701817035675,0.41536515951156616,0.4130953550338745
