,who,managed,the,original,theatre,royal,in,newcastle,?
the,0.3733934462070465,0.2725190818309784,1.0,0.4037000238895416,0.25594043731689453,0.2997032403945923,0.6662389636039734,0.2253497689962387,0.22068053483963013
city,0.21073515713214874,0.18452134728431702,0.35769423842430115,0.1683068722486496,0.29030147194862366,0.1915767937898636,0.3911624252796173,0.32860881090164185,0.13423943519592285
has,0.2558172643184662,0.20868538320064545,0.4177538752555847,0.26627111434936523,0.16653573513031006,0.14755471050739288,0.4173259735107422,0.18862372636795044,0.15994466841220856
a,0.36608949303627014,0.2628381848335266,0.5829201340675354,0.25438275933265686,0.2103080451488495,0.19676944613456726,0.539380669593811,0.21405641734600067,0.23916715383529663
proud,0.27651965618133545,0.10708244889974594,0.16312110424041748,0.08847320079803467,0.16191767156124115,0.17701828479766846,0.14309896528720856,0.16098111867904663,0.24361149966716766
history,0.22458811104297638,0.1532098650932312,0.33215048909187317,0.20845332741737366,0.17183230817317963,0.17118504643440247,0.29215577244758606,0.17092424631118774,0.2501974403858185
of,0.2827862501144409,0.19627609848976135,0.733189046382904,0.30228546261787415,0.19807180762290955,0.3112924098968506,0.5696388483047485,0.18781472742557526,0.1826142966747284
theatre,0.19486235082149506,0.12031758576631546,0.25594043731689453,0.20552122592926025,1.0,0.33194202184677124,0.26776230335235596,0.17483371496200562,0.1159285232424736
.,0.3541337847709656,0.2603258192539215,0.5934505462646484,0.275844931602478,0.2394188642501831,0.19540183246135712,0.5591574311256409,0.2714749276638031,0.4130953550338745
