,what,does,the,scotland,act,of,2012,extend,?
the,0.42745697498321533,0.35928019881248474,1.0,0.23846951127052307,0.28682878613471985,0.733189046382904,0.46885523200035095,0.29680711030960083,0.22068053483963013
scotland,0.16722074151039124,0.15574301779270172,0.23846951127052307,1.0,0.2434776872396469,0.2208399921655655,0.24421098828315735,0.11180029064416885,0.09160218387842178
act,0.2622668445110321,0.21016603708267212,0.28682878613471985,0.2434776872396469,1.0,0.2802577316761017,0.16645106673240662,0.1579868495464325,0.1482519507408142
2012,0.2266836017370224,0.21990051865577698,0.46885523200035095,0.24421098828315735,0.16645106673240662,0.4422316551208496,1.0,0.2036246657371521,0.18042556941509247
extends,0.19643902778625488,0.3191351294517517,0.39314064383506775,0.13966800272464752,0.16155484318733215,0.3704025447368622,0.33104318380355835,0.7992804050445557,0.1020013764500618
the,0.42745697498321533,0.35928019881248474,1.0,0.23846951127052307,0.28682878613471985,0.733189046382904,0.46885523200035095,0.29680711030960083,0.22068053483963013
devolved,0.2835811972618103,0.2482030689716339,0.39628729224205017,0.38908591866493225,0.297052264213562,0.40449368953704834,0.3087184727191925,0.29386699199676514,0.1570919156074524
competencies,0.36372804641723633,0.3690469563007355,0.23404814302921295,0.17892779409885406,0.2871032655239105,0.22110557556152344,0.10453729331493378,0.26802510023117065,0.25460588932037354
.,0.3567904531955719,0.3022993505001068,0.5934505462646484,0.23843355476856232,0.2025400698184967,0.5352458953857422,0.37805238366127014,0.23276987671852112,0.4130953550338745
