,where,are,most,working,children,working,?
most,0.3678402900695801,0.48698675632476807,1.0,0.22160479426383972,0.13911205530166626,0.22160479426383972,0.2107497900724411
working,0.2553141415119171,0.23492206633090973,0.22160479426383972,1.0,0.19392356276512146,1.0,0.17154020071029663
children,0.13470244407653809,0.22232650220394135,0.13911205530166626,0.19392356276512146,1.0,0.19392356276512146,0.21788206696510315
are,0.32389864325523376,1.0,0.48698675632476807,0.23492206633090973,0.22232650220394135,0.23492206633090973,0.24591213464736938
active,0.23077669739723206,0.3039647042751312,0.28829532861709595,0.339942991733551,0.07974819093942642,0.339942991733551,0.20374006032943726
in,0.5344807505607605,0.3841303884983063,0.41416558623313904,0.3062970042228699,0.2065156251192093,0.3062970042228699,0.20430970191955566
agriculture,0.20932625234127045,0.23531104624271393,0.20857620239257812,0.21031774580478668,0.15967004001140594,0.21031774580478668,0.11401621997356415
.,0.41390106081962585,0.3452940285205841,0.35404038429260254,0.28468647599220276,0.26089367270469666,0.28468647599220276,0.4130953550338745
