,how,are,the,pyrenoid,and,thylakoids,arranged,?
euglenophyte,0.2382979393005371,0.3935748338699341,0.23271213471889496,0.4711730182170868,0.25590452551841736,0.6963680386543274,0.2768426537513733,0.194740891456604
chloroplasts,0.2384049892425537,0.3103833794593811,0.23062430322170258,0.4626680314540863,0.21511349081993103,0.6528801918029785,0.2528531849384308,0.13049766421318054
have,0.4370637536048889,0.6577680706977844,0.40389683842658997,0.2968965470790863,0.4711785912513733,0.3933616578578949,0.25285637378692627,0.32991164922714233
a,0.29312583804130554,0.265255331993103,0.5829201340675354,0.33142054080963135,0.3739250600337982,0.20871521532535553,0.22070619463920593,0.23916715383529663
pyrenoid,0.2393662929534912,0.29623422026634216,0.3617670238018036,1.0,0.3005255460739136,0.4917316436767578,0.2739158272743225,0.2425837367773056
and,0.33647966384887695,0.48576638102531433,0.5171257257461548,0.3005255460739136,1.0,0.23562830686569214,0.314948171377182,0.20544172823429108
thylakoids,0.20636409521102905,0.4048384726047516,0.23520681262016296,0.4917316436767578,0.23562830686569214,1.0,0.24951514601707458,0.17522360384464264
stacked,0.23342102766036987,0.28961530327796936,0.19487756490707397,0.33024823665618896,0.3111668527126312,0.23845787346363068,0.3442065715789795,0.15377801656723022
in,0.2601168751716614,0.3841303884983063,0.6662389636039734,0.2500511109828949,0.4954058527946472,0.19204016029834747,0.20203842222690582,0.20430970191955566
groups,0.18221695721149445,0.41374143958091736,0.27790749073028564,0.18084868788719177,0.29783302545547485,0.31953132152557373,0.251467764377594,0.14349548518657684
of,0.2480744868516922,0.39081433415412903,0.733189046382904,0.32573074102401733,0.5116966962814331,0.2329981029033661,0.33214297890663147,0.1826142966747284
three,0.23807744681835175,0.38895705342292786,0.43452659249305725,0.3156881630420685,0.3826501965522766,0.2531692087650299,0.29645174741744995,0.20928427577018738
.,0.3287222981452942,0.3452940285205841,0.5934505462646484,0.27846693992614746,0.588965117931366,0.20680563151836395,0.22968827188014984,0.4130953550338745
