,what,river,does,warsaw,straddle,?
the,0.42745697498321533,0.2894456386566162,0.35928019881248474,0.23137180507183075,0.299569308757782,0.22068053483963013
city,0.17493832111358643,0.3428632318973541,0.10004369169473648,0.25006377696990967,0.2415362149477005,0.13423943519592285
straddles,0.195469468832016,0.3612265884876251,0.20044323801994324,0.2079821079969406,0.8900225758552551,0.08733896911144257
the,0.42745697498321533,0.2894456386566162,0.35928019881248474,0.23137180507183075,0.299569308757782,0.22068053483963013
vistula,0.20743709802627563,0.4237925112247467,0.13901375234127045,0.43355974555015564,0.39057451486587524,0.1677311211824417
river,0.13815869390964508,0.9999999403953552,0.14026834070682526,0.10622203350067139,0.3761942684650421,0.15390869975090027
.,0.3567904531955719,0.21443960070610046,0.3022993505001068,0.26825499534606934,0.24518626928329468,0.4130953550338745
