,what,type,of,issues,are,members,typically,allowed,to,vote,as,they,please,?
this,0.5489566326141357,0.36936521530151367,0.45148900151252747,0.34895065426826477,0.35762670636177063,0.24857299029827118,0.38951244950294495,0.3355235159397125,0.5759071707725525,0.31675276160240173,0.43993282318115234,0.4273154139518738,0.44546180963516235,0.3155723512172699
is,0.28837618231773376,0.3053323030471802,0.4854315221309662,0.17773117125034332,0.5330929756164551,0.1897467076778412,0.3483496606349945,0.14454121887683868,0.42745086550712585,0.2031867355108261,0.43216490745544434,0.330102801322937,0.257781982421875,0.22961433231830597
typically,0.2460547685623169,0.3780222237110138,0.28964799642562866,0.21415787935256958,0.4610564708709717,0.21531160175800323,1.0,0.2927513122558594,0.3589242696762085,0.07408500462770462,0.31947922706604004,0.339491605758667,0.22693736851215363,0.14485043287277222
done,0.40743619203567505,0.262906014919281,0.23300732672214508,0.3306214213371277,0.31359028816223145,0.13914485275745392,0.2743608355522156,0.32229089736938477,0.2647212743759155,0.24119868874549866,0.28695398569107056,0.3215152621269226,0.2799721360206604,0.36153489351272583
on,0.34226128458976746,0.2118636518716812,0.3966929316520691,0.2723107933998108,0.268924742937088,0.22849144041538239,0.22215910255908966,0.28039318323135376,0.41031414270401,0.23685438930988312,0.36047765612602234,0.31295230984687805,0.25312551856040955,0.2714994251728058
moral,0.3679145574569702,0.1470579206943512,0.21832716464996338,0.35741865634918213,0.16817858815193176,0.08825904875993729,0.17493858933448792,0.16707059741020203,0.24031215906143188,0.22861003875732422,0.1960955560207367,0.18090935051441193,0.2002982348203659,0.2608962953090668
issues,0.33279702067375183,0.2170146107673645,0.2288406491279602,1.0,0.2136288285255432,0.1768854707479477,0.21415787935256958,0.16885608434677124,0.27458062767982483,0.2805464565753937,0.2450667768716812,0.21873126924037933,0.30702945590019226,0.320565789937973
.,0.3567904531955719,0.23195341229438782,0.5352458953857422,0.23493336141109467,0.3452940285205841,0.21119362115859985,0.25537845492362976,0.3197084665298462,0.4645031690597534,0.27672019600868225,0.515582263469696,0.4510921239852905,0.2632937431335449,0.4130953550338745
