,what,is,the,process,by,which,the,immune,system,identifies,tumors,called,?
this,0.5489566326141357,0.480927973985672,0.6274310946464539,0.4155423641204834,0.38438332080841064,0.6719430088996887,0.6274310946464539,0.2550543546676636,0.3294329345226288,0.35340970754623413,0.2604748606681824,0.41327622532844543,0.3155723512172699
is,0.28837618231773376,1.0,0.5823672413825989,0.21762968599796295,0.3899846076965332,0.4457404911518097,0.5823672413825989,0.2092347890138626,0.2282046526670456,0.33418142795562744,0.20278756320476532,0.430266410112381,0.22961433231830597
called,0.3235960602760315,0.430266410112381,0.489897221326828,0.20657534897327423,0.3092815577983856,0.5573342442512512,0.489897221326828,0.2022581249475479,0.23914183676242828,0.3017401099205017,0.2237960249185562,1.0,0.18963319063186646
immune,0.2410416603088379,0.2092347890138626,0.21364226937294006,0.30276596546173096,0.17260463535785675,0.3153325319290161,0.21364226937294006,1.0,0.3962631821632385,0.20306333899497986,0.4806292951107025,0.2022581249475479,0.16080476343631744
surveillance,0.18649286031723022,0.21253401041030884,0.2528899610042572,0.19728392362594604,0.2167009711265564,0.24969126284122467,0.2528899610042572,0.24151180684566498,0.24342092871665955,0.35065099596977234,0.2307007610797882,0.23048943281173706,0.11972539126873016
.,0.3567904531955719,0.4569662809371948,0.5934505462646484,0.23766504228115082,0.3936232924461365,0.45942068099975586,0.5934505462646484,0.18267881870269775,0.2277725487947464,0.24315837025642395,0.24799641966819763,0.300344854593277,0.4130953550338745
