,what,year,did,iqbal,return,to,lahore,?
he,0.3114890456199646,0.2827935814857483,0.3292143940925598,0.2922578454017639,0.22716954350471497,0.385390967130661,0.24468576908111572,0.2089974731206894
came,0.2728535234928131,0.17925135791301727,0.4016856253147125,0.16938048601150513,0.2065543383359909,0.3111628592014313,0.1656264364719391,0.1739392727613449
back,0.2965294420719147,0.19452595710754395,0.2601068317890167,0.1346922665834427,0.385976105928421,0.4675939381122589,0.12670429050922394,0.2397768795490265
to,0.455847829580307,0.23523004353046417,0.4452643394470215,0.21185679733753204,0.3110596537590027,1.0,0.2032022625207901,0.29463258385658264
lahore,0.19769985973834991,0.186770498752594,0.13813665509223938,0.5882903933525085,0.06680764257907867,0.2032022625207901,1.0000001192092896,0.1365487277507782
in,0.30808621644973755,0.3359307050704956,0.2593238651752472,0.2000269591808319,0.1852470338344574,0.45010748505592346,0.22953568398952484,0.20430970191955566
1908,-0.14133977890014648,-0.03140230104327202,-0.09672622382640839,-0.16994434595108032,0.0334741584956646,-0.03211921080946922,-0.17631296813488007,-0.15027135610580444
.,0.3567904531955719,0.32538118958473206,0.35288307070732117,0.2092389315366745,0.25014954805374146,0.4645031690597534,0.2086707502603531,0.4130953550338745
