,what,other,kind,of,sport,is,popular,in,southern,california,?
college,0.20568516850471497,0.17609450221061707,0.07313697040081024,0.2384195327758789,0.15742366015911102,0.15433147549629211,0.17897619307041168,0.2160365730524063,0.17576532065868378,0.2992563545703888,0.11076676845550537
sports,0.13245077431201935,0.20540708303451538,0.12507063150405884,0.24392472207546234,0.7343956232070923,0.2082153707742691,0.23330383002758026,0.27591386437416077,0.14539456367492676,0.13506782054901123,0.04557104781270027
are,0.29724663496017456,0.5932393670082092,0.296465665102005,0.39081433415412903,0.17755107581615448,0.5330929756164551,0.2683541774749756,0.3841303884983063,0.18306338787078857,0.17678135633468628,0.24591213464736938
also,0.42747777700424194,0.5326101183891296,0.35271334648132324,0.4924938678741455,0.23100067675113678,0.5012649297714233,0.3531818091869354,0.5073733329772949,0.28076234459877014,0.2569578289985657,0.21848613023757935
popular,0.186283677816391,0.2623973786830902,0.25934523344039917,0.25281813740730286,0.2954590320587158,0.30144429206848145,1.0,0.3157482445240021,0.1939951330423355,0.19769582152366638,0.13108457624912262
in,0.30808621644973755,0.39989137649536133,0.2349269688129425,0.5696388483047485,0.2268456369638443,0.5394441485404968,0.3157482445240021,1.0,0.3190481662750244,0.2772824168205261,0.20430970191955566
southern,0.18679563701152802,0.22025135159492493,0.12290651351213455,0.31933003664016724,0.15053148567676544,0.2419366091489792,0.1939951330423355,0.3190481662750244,1.0,0.2983402609825134,0.11225555837154388
california,0.1811584085226059,0.19346874952316284,0.14210517704486847,0.24929828941822052,0.10210076719522476,0.20727038383483887,0.19769582152366638,0.2772824168205261,0.2983402609825134,1.0,0.1409905105829239
.,0.3567904531955719,0.41511186957359314,0.21254374086856842,0.5352458953857422,0.19931355118751526,0.4569662809371948,0.2864297032356262,0.5591574311256409,0.26629969477653503,0.2870451807975769,0.4130953550338745
