,how,much,did,capital,cities/abc,report,in,revenues,in,1990,?
capital,0.10716020315885544,0.16022329032421112,0.08427972346544266,0.9999999403953552,0.4365534782409668,0.12431900948286057,0.3233928978443146,0.20821788907051086,0.3233928978443146,0.0006823188159614801,0.0907452180981636
cities/abc,0.11548915505409241,0.1369645744562149,0.11703836172819138,0.4365534782409668,1.0000001192092896,0.22882047295570374,0.3274103105068207,0.23922988772392273,0.3274103105068207,-0.05699442699551582,0.2519042491912842
reported,0.11600318551063538,0.24137835204601288,0.30610907077789307,0.13218212127685547,0.15724559128284454,0.6644171476364136,0.25024300813674927,0.22890180349349976,0.25024300813674927,-0.02448856085538864,0.16150116920471191
revenues,0.23426076769828796,0.2925325632095337,0.24009837210178375,0.20821788907051086,0.23922988772392273,0.2821073830127716,0.23148535192012787,1.0,0.23148535192012787,-0.16766329109668732,0.17646004259586334
of,0.2480744868516922,0.2671096920967102,0.2513895630836487,0.30823585391044617,0.29075387120246887,0.22992923855781555,0.5696388483047485,0.3011206090450287,0.5696388483047485,-0.07900239527225494,0.1826142966747284
$,0.18718640506267548,0.205519899725914,0.23203131556510925,0.11455018073320389,0.18014183640480042,0.24764598906040192,0.21616753935813904,0.45660269260406494,0.21616753935813904,-0.07834293693304062,0.2786129117012024
465,0.09630267322063446,0.08566606044769287,-0.11156962066888809,-0.198045015335083,-0.25939956307411194,-0.039838455617427826,-0.14947295188903809,-0.03418564423918724,-0.14947295188903809,-0.3244229257106781,-0.04797954857349396
million,0.21114659309387207,0.2792966067790985,0.1815238744020462,0.11816825717687607,0.23412686586380005,0.208677738904953,0.2596224844455719,0.4279716908931732,0.2596224844455719,-0.10291177034378052,0.23092924058437347
.,0.3287222981452942,0.3374604284763336,0.35288307070732117,0.23657599091529846,0.32929137349128723,0.277835488319397,0.5591574311256409,0.26114946603775024,0.5591574311256409,0.011693721637129784,0.4130953550338745
