,when,did,subutai,'s,army,return,to,mongolia,?
in,0.4431333839893341,0.2593238651752472,0.3149537444114685,-0.037580832839012146,0.25258398056030273,0.1852470338344574,0.45010748505592346,0.22565330564975739,0.20430970191955566
1225,0.14616020023822784,0.22253252565860748,0.15541142225265503,0.03507817164063454,0.28020280599594116,0.1674518585205078,0.15458635985851288,0.12584790587425232,0.41163742542266846
both,0.435994029045105,0.34255191683769226,0.20450375974178314,0.03109198436141014,0.1382123827934265,0.1884828507900238,0.3897709250450134,0.1727144718170166,0.19455738365650177
divisions,0.1958957463502884,0.18186211585998535,0.3405701220035553,0.029481666162610054,0.2631058096885681,0.12884192168712616,0.20452556014060974,0.21517863869667053,0.14903524518013
returned,0.28365370631217957,0.32570260763168335,0.1819096803665161,-0.04012485593557358,0.22233916819095612,0.6497189998626709,0.30012887716293335,0.16168026626110077,0.07695316523313522
to,0.5423505902290344,0.4452643394470215,0.1789546012878418,0.03782717138528824,0.22938482463359833,0.3110596537590027,1.0,0.1695680171251297,0.29463258385658264
mongolia,0.16264629364013672,0.15721069276332855,0.4184654951095581,-0.018711648881435394,0.1657920926809311,0.17957697808742523,0.1695680171251297,1.0000001192092896,0.12165829539299011
.,0.475719153881073,0.35288307070732117,0.26343733072280884,-0.003708066651597619,0.28860729932785034,0.25014954805374146,0.4645031690597534,0.2024824470281601,0.4130953550338745
