,the,design,team,is,most,commonly,employed,by,who,?
in,0.6662389636039734,0.21856798231601715,0.18841172754764557,0.5394441485404968,0.41416558623313904,0.2769457697868347,0.2670619785785675,0.370934396982193,0.2792111933231354,0.20430970191955566
contract,0.23003633320331573,0.16439299285411835,0.25166982412338257,0.14098215103149414,0.13352499902248383,0.08667713403701782,0.28383293747901917,0.15477074682712555,0.20966969430446625,0.12573233246803284
with,0.4223487675189972,0.17779715359210968,0.21111343801021576,0.3250955045223236,0.336320698261261,0.2145514339208603,0.29051893949508667,0.39731505513191223,0.3282766342163086,0.2433311939239502
),0.3456730246543884,0.09917057305574417,0.18319997191429138,0.37732169032096863,0.23620007932186127,0.2611285150051117,0.13719399273395538,0.2151763141155243,0.2457384318113327,0.42300865054130554
the,1.0,0.27913451194763184,0.22564226388931274,0.5823672413825989,0.47635307908058167,0.2974449694156647,0.2112865000963211,0.4408751428127289,0.3733934462070465,0.22068053483963013
property,0.2061677873134613,0.194067120552063,0.14555270969867706,0.1944577693939209,0.16551312804222107,0.2047526091337204,0.18433795869350433,0.1791124939918518,0.17305545508861542,0.16865147650241852
owner,0.22181597352027893,0.14519557356834412,0.24642346799373627,0.20626334846019745,0.1098402738571167,0.09634088724851608,0.29917457699775696,0.1894633173942566,0.2990386188030243,0.1461835652589798
.,0.5934505462646484,0.24995818734169006,0.26467522978782654,0.4569662809371948,0.35404038429260254,0.2135825902223587,0.22713787853717804,0.3936232924461365,0.3541337847709656,0.4130953550338745
