,who,is,the,current,premier,of,victoria,?
the,0.3733934462070465,0.5823672413825989,1.0,0.3314409554004669,0.22658593952655792,0.733189046382904,0.2204313427209854,0.22068053483963013
current,0.18425484001636505,0.2555285692214966,0.3314409554004669,1.0,0.24283994734287262,0.31470298767089844,0.20325958728790283,0.12074550241231918
premier,0.23959188163280487,0.16525724530220032,0.22658593952655792,0.24283994734287262,1.0000001192092896,0.17136150598526,0.243954598903656,0.1292608082294464
of,0.2827862501144409,0.4854315221309662,0.733189046382904,0.31470298767089844,0.17136150598526,1.0,0.2505437433719635,0.1826142966747284
victoria,0.1687670201063156,0.1633591204881668,0.2204313427209854,0.20325958728790283,0.243954598903656,0.2505437433719635,1.0,0.12246892601251602
is,0.24293622374534607,1.0,0.5823672413825989,0.2555285692214966,0.16525724530220032,0.4854315221309662,0.1633591204881668,0.22961433231830597
daniel,0.2651176154613495,0.13591395318508148,0.16781723499298096,0.13078559935092926,0.1939144879579544,0.13703610002994537,0.17228057980537415,0.1540297418832779
andrews,0.22681760787963867,0.15992550551891327,0.24502842128276825,0.19444701075553894,0.2131461203098297,0.22890128195285797,0.2971445620059967,0.156324565410614
.,0.3541337847709656,0.4569662809371948,0.5934505462646484,0.29179835319519043,0.24304081499576569,0.5352458953857422,0.23069117963314056,0.4130953550338745
