,who,was,one,prominent,huguenot-descended,arms,manufacturer,?
for,0.37110671401023865,0.3863949179649353,0.384836345911026,0.24490058422088623,0.1740036904811859,0.14311425387859344,0.15626059472560883,0.264628142118454
example,0.27006375789642334,0.16563157737255096,0.41499486565589905,0.18441656231880188,0.23088271915912628,0.20968085527420044,0.21113233268260956,0.30374911427497864
",",0.3365725874900818,0.45456063747406006,0.3696635365486145,0.3234879672527313,0.29098352789878845,0.1768338978290558,0.22403056919574738,0.31091248989105225
e.i,0.1077452301979065,0.11569671332836151,0.015433093532919884,0.03847338631749153,0.10635044425725937,0.018883446231484413,0.044979311525821686,0.10850828140974045
.,0.3541337847709656,0.40146201848983765,0.4123194217681885,0.23774133622646332,0.2397390902042389,0.18833984434604645,0.20179085433483124,0.4130953550338745
