,what,happened,to,the,sm,upon,reentry,to,the,atmosphere,?
the,0.42745697498321533,0.3589572608470917,0.535392165184021,1.0,0.1331356316804886,0.28184252977371216,0.26132404804229736,0.535392165184021,1.0,0.24429655075073242,0.22068053483963013
service,0.16857224702835083,0.14659997820854187,0.24411341547966003,0.22661015391349792,0.14997918903827667,0.23064473271369934,0.2914891242980957,0.24411341547966003,0.22661015391349792,0.14617733657360077,0.1676298975944519
module,0.2071267068386078,0.09263069927692413,0.17751087248325348,0.15147453546524048,0.162268728017807,0.19063332676887512,0.379171758890152,0.17751087248325348,0.15147453546524048,0.1680779904127121,0.2131270468235016
was,0.22111038863658905,0.36671528220176697,0.3636345863342285,0.48711544275283813,0.15757402777671814,0.21848641335964203,0.2634258270263672,0.3636345863342285,0.48711544275283813,0.1805005818605423,0.18412111699581146
discarded,0.27790507674217224,0.1744370311498642,0.2702600061893463,0.2671755254268646,0.07601610571146011,0.24225658178329468,0.13379783928394318,0.2702600061893463,0.2671755254268646,0.2084483504295349,0.2236199826002121
just,0.5854880809783936,0.3635898232460022,0.5153104066848755,0.40061673521995544,0.15047377347946167,0.26463401317596436,0.2484978288412094,0.5153104066848755,0.40061673521995544,0.2755235433578491,0.4144178032875061
before,0.3801657259464264,0.42492398619651794,0.4190867841243744,0.45900648832321167,0.12311271578073502,0.33818525075912476,0.24065609276294708,0.4190867841243744,0.45900648832321167,0.1873212456703186,0.2507109045982361
re-entry,0.27213600277900696,0.19740821421146393,0.2695174515247345,0.2861894965171814,0.1556398570537567,0.2765190601348877,0.787484884262085,0.2695174515247345,0.2861894965171814,0.22093822062015533,0.2140289545059204
.,0.3567904531955719,0.29012542963027954,0.4645031690597534,0.5934505462646484,0.17596714198589325,0.18839296698570251,0.2939824163913727,0.4645031690597534,0.5934505462646484,0.202870711684227,0.4130953550338745
