,this,type,of,system,is,known,as
it,0.6107783317565918,0.22145579755306244,0.38761502504348755,0.30691424012184143,0.6328473687171936,0.2640952467918396,0.4461488723754883
was,0.3638818562030792,0.14348182082176208,0.4069072902202606,0.2147521674633026,0.5810302495956421,0.35203275084495544,0.3677520453929901
a,0.5422310829162598,0.3813284635543823,0.5052502155303955,0.2589043080806732,0.658733606338501,0.30882248282432556,0.39550232887268066
plug-n-play,0.3258309066295624,0.23107123374938965,0.1957453042268753,0.28534847497940063,0.2718144953250885,0.186085507273674,0.23489560186862946
system,0.3294329345226288,0.24706636369228363,0.25597915053367615,1.0000001192092896,0.2282046526670456,0.15005269646644592,0.1973835676908493
.,0.500583827495575,0.23195341229438782,0.5352458953857422,0.2277725487947464,0.4569662809371948,0.283290296792984,0.515582263469696
