,which,sized,cars,were,the,least,demanded,cars,in,the,crisis,?
the,0.6521818041801453,0.23903165757656097,0.22665506601333618,0.3906462490558624,1.0,0.3428877890110016,0.31066036224365234,0.22665506601333618,0.6662389636039734,1.0,0.263981431722641,0.22068053483963013
crisis,0.21961601078510284,0.043899428099393845,0.12441032379865646,0.10959715396165848,0.263981431722641,0.2008238285779953,0.24601878225803375,0.12441032379865646,0.19426369667053223,0.263981431722641,1.0,0.17902959883213043
reduced,0.33779141306877136,0.28946053981781006,0.2170184999704361,0.24301442503929138,0.2897622883319855,0.35406193137168884,0.26750892400741577,0.2170184999704361,0.2766173183917999,0.2897622883319855,0.2364884912967682,0.10234767943620682
the,0.6521818041801453,0.23903165757656097,0.22665506601333618,0.3906462490558624,1.0,0.3428877890110016,0.31066036224365234,0.22665506601333618,0.6662389636039734,1.0,0.263981431722641,0.22068053483963013
demand,0.2734186053276062,0.16040624678134918,0.207079216837883,0.18873341381549835,0.27194610238075256,0.22147247195243835,0.7544105648994446,0.207079216837883,0.22946900129318237,0.27194610238075256,0.2715436518192291,0.13359291851520538
for,0.44095608592033386,0.1451425999403,0.2283150851726532,0.33592689037323,0.4739971458911896,0.330973356962204,0.27093303203582764,0.2283150851726532,0.4322226941585541,0.4739971458911896,0.18574024736881256,0.264628142118454
large,0.46308431029319763,0.4894874095916748,0.19978691637516022,0.3147265911102295,0.3828733265399933,0.21518589556217194,0.17784447968006134,0.19978691637516022,0.2841601073741913,0.3828733265399933,0.20685289800167084,0.1355665624141693
cars,0.24131238460540771,0.2092660814523697,0.9999998807907104,0.28461217880249023,0.22665506601333618,0.15259534120559692,0.09192501753568649,0.9999998807907104,0.2354678511619568,0.22665506601333618,0.12441032379865646,0.1518762707710266
.,0.45942068099975586,0.18633665144443512,0.27835485339164734,0.3378238379955292,0.5934505462646484,0.3059629499912262,0.22791478037834167,0.27835485339164734,0.5591574311256409,0.5934505462646484,0.15965543687343597,0.4130953550338745
