,what,church,is,organized,into,conferences,?
the,0.42745697498321533,0.23846197128295898,0.5823672413825989,0.28001853823661804,0.39493247866630554,0.2745058238506317,0.22068053483963013
united,0.20036718249320984,0.19284281134605408,0.22408509254455566,0.2300713211297989,0.1582697629928589,0.22807465493679047,0.17266890406608582
methodist,0.17637217044830322,0.6119816899299622,0.14683330059051514,0.13174551725387573,0.1695648729801178,0.23537258803844452,0.1436992734670639
church,0.1944202184677124,0.9999999403953552,0.203276589512825,0.11914142966270447,0.11812582612037659,0.20040220022201538,0.18081501126289368
is,0.28837618231773376,0.203276589512825,1.0,0.11886901408433914,0.2619607150554657,0.13661359250545502,0.22961433231830597
organized,0.19144229590892792,0.11914142966270447,0.11886901408433914,1.0,0.30585014820098877,0.25885772705078125,0.10524328798055649
into,0.2180619090795517,0.11812582612037659,0.2619607150554657,0.30585014820098877,1.0,0.18457069993019104,0.15662476420402527
conferences,0.18170012533664703,0.20040220022201538,0.13661359250545502,0.25885772705078125,0.18457069993019104,0.9999999403953552,0.14015959203243256
.,0.3567904531955719,0.28898224234580994,0.4569662809371948,0.2294844090938568,0.26250120997428894,0.2162696272134781,0.4130953550338745
