,what,is,kmj,now,referred,to,?
kmj,0.3375804126262665,0.3069747984409332,1.0,0.2680705189704895,0.10928370803594589,0.25829604268074036,0.3218703269958496
is,0.28837618231773376,1.0,0.3069747984409332,0.39589470624923706,0.3144040107727051,0.42745086550712585,0.22961433231830597
now,0.4903225302696228,0.39589470624923706,0.2680705189704895,1.0,0.2002784162759781,0.3925153911113739,0.29641881585121155
known,0.20381177961826324,0.41921812295913696,0.15789669752120972,0.27519240975379944,0.5037624835968018,0.14337651431560516,0.18314571678638458
as,0.31749409437179565,0.43216490745544434,0.19090905785560608,0.3483183979988098,0.37252211570739746,0.42092081904411316,0.27043893933296204
nbc,0.1638578325510025,0.166731595993042,0.16980688273906708,0.20193062722682953,0.0991712138056755,0.14568616449832916,0.1680917739868164
affiliate,0.16121849417686462,0.10908813774585724,0.13296782970428467,0.1786065399646759,0.22911590337753296,0.23261301219463348,0.10958297550678253
ksee,0.3065495789051056,0.26404231786727905,0.2696295976638794,0.26754072308540344,0.1714872568845749,0.2564098834991455,0.3530314266681671
.,0.3567904531955719,0.4569662809371948,0.28877952694892883,0.36271902918815613,0.16569985449314117,0.4645031690597534,0.4130953550338745
