,in,what,year,did,fresno,become,an,incorporated,city,?
fresno,0.26126348972320557,0.159109428524971,0.20265795290470123,0.1545737385749817,1.0000001192092896,0.168076291680336,0.15491461753845215,0.2053312063217163,0.2780216634273529,0.13224096596240997
became,0.31047213077545166,0.1434093862771988,0.28121209144592285,0.3632316589355469,0.2194567322731018,0.6258460283279419,0.19704453647136688,0.236298605799675,0.2422705888748169,0.11374033987522125
an,0.2605783939361572,0.2821882665157318,0.17045794427394867,0.22598257660865784,0.15491461753845215,0.24844235181808472,1.0,0.1948239654302597,0.17270074784755707,0.19793890416622162
incorporated,0.2849850654602051,0.16587792336940765,0.14428530633449554,0.12795422971248627,0.2053312063217163,0.21499215066432953,0.1948239654302597,1.0,0.31951966881752014,0.13423967361450195
city,0.3911624252796173,0.17493832111358643,0.24964560568332672,0.12266099452972412,0.2780216634273529,0.16324041783809662,0.17270074784755707,0.31951966881752014,1.0,0.13423943519592285
in,1.0,0.30808621644973755,0.3359307050704956,0.2593238651752472,0.26126348972320557,0.23238378763198853,0.2605783939361572,0.2849850654602051,0.3911624252796173,0.20430970191955566
1885,0.10833704471588135,-0.03922257572412491,-0.04533272236585617,-0.1434294432401657,0.1469203233718872,-0.07212473452091217,-0.007153364364057779,0.15711820125579834,0.2175489217042923,-0.20159123837947845
.,0.5591574311256409,0.3567904531955719,0.32538118958473206,0.35288307070732117,0.2480216920375824,0.32859939336776733,0.3581749200820923,0.24439316987991333,0.29856356978416443,0.4130953550338745
