,what,can,concentrated,oxygen,produce,?
highly,0.22724121809005737,0.27267688512802124,0.3452555239200592,0.19681644439697266,0.26921266317367554,0.1542806625366211
concentrated,0.20476274192333221,0.20857568085193634,1.0,0.2913258969783783,0.33260130882263184,0.11501483619213104
sources,0.30212491750717163,0.27231091260910034,0.2174183428287506,0.2407027781009674,0.25715723633766174,0.2886999845504761
of,0.33290785551071167,0.2603091299533844,0.28396520018577576,0.16848602890968323,0.19541172683238983,0.1826142966747284
oxygen,0.16781960427761078,0.3056217133998871,0.2913258969783783,0.9999999403953552,0.2946869134902954,0.16786395013332367
promote,0.23983411490917206,0.2084050327539444,0.17561385035514832,0.16353783011436462,0.2727848291397095,0.23677967488765717
rapid,0.16600939631462097,0.16302335262298584,0.15895280241966248,0.1414191722869873,0.166144460439682,0.17199881374835968
combustion,0.2678600549697876,0.3478321433067322,0.25924617052078247,0.4784593880176544,0.42033651471138,0.2177530825138092
.,0.3567904531955719,0.35783761739730835,0.2786614000797272,0.2554275095462799,0.2587496340274811,0.4130953550338745
