,what,does,newcastle,have,a,proud,history,of,?
the,0.42745697498321533,0.35928019881248474,0.2253497689962387,0.40389683842658997,0.5829201340675354,0.16312110424041748,0.33215048909187317,0.733189046382904,0.22068053483963013
city,0.17493832111358643,0.10004369169473648,0.32860881090164185,0.154191792011261,0.2349124401807785,0.1578945517539978,0.2610187232494354,0.32503411173820496,0.13423943519592285
has,0.20338068902492523,0.42885294556617737,0.18862372636795044,0.6353569626808167,0.4670248031616211,0.22584421932697296,0.23279742896556854,0.3909035325050354,0.15994466841220856
a,0.3320399522781372,0.38201746344566345,0.21405641734600067,0.338716596364975,1.0,0.20887541770935059,0.2123815417289734,0.5052502155303955,0.23916715383529663
proud,0.27550947666168213,0.24861827492713928,0.16098111867904663,0.23625457286834717,0.20887541770935059,1.0000001192092896,0.22689932584762573,0.20694765448570251,0.24361149966716766
history,0.28630873560905457,0.1386861950159073,0.17092424631118774,0.24434958398342133,0.2123815417289734,0.22689932584762573,1.0000001192092896,0.31014925241470337,0.2501974403858185
of,0.33290785551071167,0.3119818866252899,0.18781472742557526,0.3802283704280853,0.5052502155303955,0.20694765448570251,0.31014925241470337,1.0,0.1826142966747284
theatre,0.12211663275957108,0.13945266604423523,0.17483371496200562,0.0977800115942955,0.2103080451488495,0.16191767156124115,0.17183230817317963,0.19807180762290955,0.1159285232424736
.,0.3567904531955719,0.3022993505001068,0.2714749276638031,0.41614407300949097,0.50484299659729,0.24431242048740387,0.30310705304145813,0.5352458953857422,0.4130953550338745
