,what,town,is,surrounded,by,jacksonville,?
jacksonville,0.14578714966773987,0.20888616144657135,0.1726600080728531,0.17417670786380768,0.15927588939666748,1.0000001192092896,0.1359667330980301
surrounds,0.11454788595438004,0.2581704556941986,0.30281105637550354,0.8548226952552795,0.22941306233406067,0.20200639963150024,-0.03223498910665512
the,0.42745697498321533,0.2974243760108948,0.5823672413825989,0.3510684669017792,0.4408751428127289,0.2176690250635147,0.22068053483963013
town,0.19713185727596283,1.0,0.30097827315330505,0.30975067615509033,0.15964296460151672,0.20888616144657135,0.09902279824018478
of,0.33290785551071167,0.26585668325424194,0.4854315221309662,0.3294748365879059,0.3646814823150635,0.23084138333797455,0.1826142966747284
baldwin,0.17745645344257355,0.20328111946582794,0.17278067767620087,0.18448024988174438,0.21586164832115173,0.30632495880126953,0.20057068765163422
.,0.3567904531955719,0.28254011273384094,0.4569662809371948,0.22986410558223724,0.3936232924461365,0.2843366861343384,0.4130953550338745
