,how,often,does,the,general,conference,meet,?
the,0.33890387415885925,0.38004449009895325,0.35928019881248474,1.0,0.28634732961654663,0.25393402576446533,0.312436044216156,0.22068053483963013
general,0.19638104736804962,0.16795535385608673,0.15178900957107544,0.28634732961654663,1.0000001192092896,0.17838294804096222,0.21120810508728027,0.1972234547138214
conference,0.12395361065864563,0.14767029881477356,0.12769374251365662,0.25393402576446533,0.17838294804096222,0.9999999403953552,0.22639526426792145,0.11172781884670258
meets,0.16600441932678223,0.08932196348905563,0.3886438012123108,0.28454074263572693,0.16332903504371643,0.18526391685009003,0.693572461605072,0.16143257915973663
every,0.31805798411369324,0.35310158133506775,0.32406800985336304,0.4023689329624176,0.1451876312494278,0.24513524770736694,0.2385755181312561,0.24066033959388733
four,0.1955733299255371,0.2710466682910919,0.14431285858154297,0.40344667434692383,0.16116668283939362,0.20925743877887726,0.18494950234889984,0.14532537758350372
years,0.21949264407157898,0.16248072683811188,0.11878147721290588,0.2912273406982422,0.17239786684513092,0.16795854270458221,0.1251082718372345,0.1914375126361847
(,0.1676948219537735,0.1375083178281784,0.2728188931941986,0.33289089798927307,0.23743551969528198,0.1612105518579483,0.21657976508140564,0.40561532974243164
quadrennium,0.21680566668510437,0.2218334674835205,0.17875267565250397,0.35614752769470215,0.13176250457763672,0.21905891597270966,0.17498521506786346,0.1599290519952774
),0.17939934134483337,0.16039077937602997,0.2575884759426117,0.3456730246543884,0.22449038922786713,0.17227569222450256,0.17937245965003967,0.42300865054130554
.,0.3287222981452942,0.30710849165916443,0.3022993505001068,0.5934505462646484,0.2929490804672241,0.1982354372739792,0.26616400480270386,0.4130953550338745
