,what,is,the,mayor,of,warsaw,called,?
the,0.42745697498321533,0.5823672413825989,1.0,0.21459873020648956,0.733189046382904,0.23137180507183075,0.489897221326828,0.22068053483963013
mayor,0.10301359742879868,0.1732477992773056,0.21459873020648956,0.9999999403953552,0.17262716591358185,0.20052993297576904,0.07365155965089798,0.10846361517906189
of,0.33290785551071167,0.4854315221309662,0.733189046382904,0.17262716591358185,1.0,0.19253842532634735,0.4222904443740845,0.1826142966747284
warsaw,0.10373849421739578,0.09741193056106567,0.23137180507183075,0.20052993297576904,0.19253842532634735,1.0,0.15889199078083038,0.09769917279481888
is,0.28837618231773376,1.0,0.5823672413825989,0.1732477992773056,0.4854315221309662,0.09741193056106567,0.430266410112381,0.22961433231830597
called,0.3235960602760315,0.430266410112381,0.489897221326828,0.07365155965089798,0.4222904443740845,0.15889199078083038,1.0,0.18963319063186646
president,0.1870913952589035,0.15443938970565796,0.24330610036849976,0.44243842363357544,0.21610750257968903,0.18283961713314056,0.11299113929271698,0.14148259162902832
.,0.3567904531955719,0.4569662809371948,0.5934505462646484,0.22149251401424408,0.5352458953857422,0.26825499534606934,0.300344854593277,0.4130953550338745
