,what,magnetic,character,do,triplet,o2,have,?
in,0.30808621644973755,0.13499167561531067,0.20910993218421936,0.23402775824069977,0.20395837724208832,-0.12858086824417114,0.36843645572662354,0.20430970191955566
the,0.42745697498321533,0.18611927330493927,0.25992274284362793,0.30239659547805786,0.21914346516132355,-0.11169687658548355,0.40389683842658997,0.22068053483963013
triplet,0.16375544667243958,0.2162424772977829,0.2972925305366516,0.14174649119377136,1.0,0.20135273039340973,0.2100621461868286,0.11859617382287979
form,0.15868011116981506,0.16928140819072723,0.11058240383863449,0.23068922758102417,0.2818450331687927,0.016304004937410355,0.3062373399734497,0.1463010311126709
",",0.3087472915649414,0.15619294345378876,0.21002258360385895,0.3283645510673523,0.31415438652038574,-0.037892747670412064,0.3541618287563324,0.31091248989105225
o,0.1489914506673813,0.11391761898994446,0.14485086500644684,0.20256756246089935,0.19044281542301178,0.17756037414073944,0.14207424223423004,0.23868927359580994
2,-0.049862053245306015,-0.01245980802923441,-0.025479895994067192,-0.09570206701755524,-0.008019356057047844,0.026242131367325783,-0.08601576834917068,0.001977203879505396
molecules,0.2143162339925766,0.40906935930252075,0.150324285030365,0.19337092339992523,0.3641718327999115,0.17377373576164246,0.2827518880367279,0.17409995198249817
are,0.29724663496017456,0.18500158190727234,0.16187334060668945,0.41111594438552856,0.25530505180358887,-0.025755733251571655,0.6577680706977844,0.24591213464736938
paramagnetic,0.2728654742240906,0.868544340133667,0.2345658540725708,0.2776440978050232,0.26047754287719727,0.04756960645318031,0.2560443580150604,0.22601042687892914
.,0.3567904531955719,0.1884709596633911,0.21426402032375336,0.3613996207714081,0.2523445188999176,0.09499986469745636,0.41614407300949097,0.4130953550338745
