,in,what,years,did,doctor,who,originally,show,on,tv,?
the,0.6662389636039734,0.42745697498321533,0.2912273406982422,0.34736719727516174,0.2820442318916321,0.3733934462070465,0.36820849776268005,0.319829523563385,0.5107308030128479,0.20034731924533844,0.22068053483963013
programme,0.249719500541687,0.1876801699399948,0.22038599848747253,0.1542370468378067,0.2561369240283966,0.2317163497209549,0.23207855224609375,0.3225559890270233,0.27731919288635254,0.372183233499527,0.139840766787529
originally,0.3191297650337219,0.2645323872566223,0.18060921132564545,0.23196664452552795,0.13944809138774872,0.285441130399704,0.9999999403953552,0.24341461062431335,0.2673487365245819,0.20401731133460999,0.07821967452764511
ran,0.2376149296760559,0.12850850820541382,0.2505861222743988,0.31891340017318726,0.12850476801395416,0.1948244422674179,0.3014478385448456,0.20358259975910187,0.22594980895519257,0.21048681437969208,0.11304427683353424
from,0.4274188280105591,0.2737620174884796,0.31063511967658997,0.20248863101005554,0.15658842027187347,0.27839982509613037,0.29689326882362366,0.2004580795764923,0.36926645040512085,0.14764690399169922,0.19969791173934937
1963,0.09972909837961197,-0.01284969411790371,-0.020165251567959785,0.022874606773257256,0.008513279259204865,-0.045281361788511276,-0.005552744027227163,-0.014388238079845905,0.07868470996618271,-0.009961158968508244,0.03411978855729103
to,0.45010748505592346,0.455847829580307,0.23891852796077728,0.4452643394470215,0.22950075566768646,0.42656609416007996,0.30024412274360657,0.29833272099494934,0.41031414270401,0.1854887306690216,0.29463258385658264
1989,0.006802527233958244,-0.08951251208782196,0.07907161861658096,-0.03869108483195305,0.0012842743890359998,-0.03504699468612671,0.04962397739291191,-0.01176610216498375,0.04065693914890289,0.08184066414833069,0.08110656589269638
.,0.5591574311256409,0.3567904531955719,0.31919315457344055,0.35288307070732117,0.22361043095588684,0.3541337847709656,0.2504246234893799,0.3016606271266937,0.49257001280784607,0.27196308970451355,0.4130953550338745
