,when,did,kenya,obtain,independence,?
kenya,0.11853623390197754,0.16214214265346527,1.0,0.10074162483215332,0.2788098156452179,0.17197901010513306
obtained,0.226436585187912,0.16534456610679626,0.1204419732093811,0.8050909042358398,0.25733914971351624,0.10347618907690048
independence,0.1640492081642151,0.19588761031627655,0.2788098156452179,0.23707228899002075,1.0000001192092896,0.12301119416952133
in,0.4431333839893341,0.2593238651752472,0.23621977865695953,0.15285982191562653,0.25996696949005127,0.20430970191955566
december,0.28435230255126953,0.2542226016521454,0.15531376004219055,0.07058308273553848,0.23682834208011627,0.2480352818965912
1963,-0.029794543981552124,0.022874606773257256,0.0339445136487484,0.038975153118371964,-0.037580665200948715,0.03411978855729103
.,0.475719153881073,0.35288307070732117,0.24234211444854736,0.1978217512369156,0.2129606306552887,0.4130953550338745
