,how,many,people,in,quzhou,are,descended,from,confucius,?
confucius,0.26847612857818604,0.27188369631767273,0.2541632354259491,0.18175256252288818,0.43658727407455444,0.2116120159626007,0.2517022490501404,0.1671840250492096,0.9999999403953552,0.19365330040454865
's,-0.026164190843701363,0.01698932610452175,0.023582622408866882,-0.037580832839012146,0.045873012393713,-0.008927806280553341,-0.05791660398244858,-0.01936490088701248,0.05516903102397919,-0.023395681753754616
descendants,0.12373888492584229,0.25428125262260437,0.2733425498008728,0.2244751900434494,0.19702069461345673,0.2559800446033478,0.8186445236206055,0.20136423408985138,0.21682055294513702,0.10391592979431152
in,0.2601168751716614,0.41474202275276184,0.39605680108070374,1.0,0.2090551257133484,0.3841303884983063,0.19672243297100067,0.4274188280105591,0.18175256252288818,0.20430970191955566
quzhou,0.21076267957687378,0.23373457789421082,0.20757213234901428,0.2090551257133484,1.0,0.1897171288728714,0.18179231882095337,0.15820516645908356,0.43658727407455444,0.2011154443025589
alone,0.3223377764225006,0.25460565090179443,0.25848618149757385,0.24454614520072937,0.16351503133773804,0.265561044216156,0.1753288358449936,0.20448115468025208,0.22786813974380493,0.25589054822921753
number,0.2725796401500702,0.41408368945121765,0.14050929248332977,0.3024539053440094,0.14766088128089905,0.3537501394748688,0.1251714676618576,0.24833418428897858,0.12128706276416779,0.19256845116615295
"30,000",-0.009907256811857224,0.0039007063023746014,-0.07850766181945801,0.04716988652944565,-0.17397211492061615,-0.09053608030080795,-0.01620321534574032,0.14171019196510315,0.03700169548392296,-0.012226879596710205
.,0.3287222981452942,0.3974229395389557,0.33118996024131775,0.5591574311256409,0.21190981566905975,0.3452940285205841,0.16979701817035675,0.41536515951156616,0.21636232733726501,0.4130953550338745
