,what,is,the,term,for,the,lack,of,obsevable,free,quarks,?
this,0.5489566326141357,0.480927973985672,0.6274310946464539,0.3113332986831665,0.5082864165306091,0.6274310946464539,0.4134357273578644,0.45148900151252747,0.3667972981929779,0.24700398743152618,0.27025139331817627,0.3155723512172699
phenomenon,0.2867237627506256,0.25003448128700256,0.26217618584632874,0.32509174942970276,0.20391574501991272,0.26217618584632874,0.28392961621284485,0.18447810411453247,0.42952921986579895,0.10327131301164627,0.2925981879234314,0.19394198060035706
is,0.28837618231773376,1.0,0.5823672413825989,0.270183801651001,0.43268078565597534,0.5823672413825989,0.21955184638500214,0.4854315221309662,0.28672346472740173,0.2297741025686264,0.2030971646308899,0.22961433231830597
called,0.3235960602760315,0.430266410112381,0.489897221326828,0.33549433946609497,0.29870352149009705,0.489897221326828,0.17342257499694824,0.4222904443740845,0.25653812289237976,0.19286808371543884,0.23402458429336548,0.18963319063186646
color,0.2746529281139374,0.1656665951013565,0.21895472705364227,0.13412387669086456,0.2378578633069992,0.21895472705364227,0.2103377878665924,0.1876296103000641,0.18522679805755615,0.11042433232069016,0.29254791140556335,0.21299609541893005
confinement,0.2496129274368286,0.2792947292327881,0.29484492540359497,0.2211909145116806,0.30366697907447815,0.29484492540359497,0.3464744985103607,0.35006946325302124,0.36196646094322205,0.24884971976280212,0.2931443452835083,0.20221605896949768
.,0.3567904531955719,0.4569662809371948,0.5934505462646484,0.18456575274467468,0.4726039469242096,0.5934505462646484,0.21505410969257355,0.5352458953857422,0.24754031002521515,0.238864928483963,0.2620053291320801,0.4130953550338745
