,when,was,europe,fully,forested,and,recovered,from,the,last,ice,age,?
by,0.4376842677593231,0.4752357602119446,0.2368858903646469,0.24546781182289124,0.21278902888298035,0.4289871156215668,0.2431626170873642,0.3373257517814636,0.4408751428127289,0.24441376328468323,0.20070353150367737,0.17756789922714233,0.17966607213020325
9000,-0.06010129675269127,0.08006659895181656,-0.008366018533706665,0.06813519448041916,-0.09040703624486923,0.033477090299129486,-0.0035057689528912306,0.07480204105377197,0.10888005793094635,0.021007128059864044,0.0018008019542321563,0.10072878748178482,-0.054440297186374664
bp,0.06523815542459488,0.10541395843029022,0.13236813247203827,0.17470839619636536,0.11082792282104492,0.09529614448547363,0.237594872713089,0.13895514607429504,0.11876378208398819,0.10663527995347977,0.12949787080287933,0.1156829223036766,0.14202015101909637
",",0.36674630641937256,0.45456063747406006,0.2542513906955719,0.2252698540687561,0.30130305886268616,0.6633074283599854,0.2676272988319397,0.39760664105415344,0.4933079481124878,0.29026782512664795,0.23877936601638794,0.2693369388580322,0.31091248989105225
europe,0.18744638562202454,0.2931758761405945,1.0000001192092896,0.1350194811820984,0.2750508487224579,0.3463572859764099,0.19875995814800262,0.18114914000034332,0.34463706612586975,0.2198542058467865,0.2194051593542099,0.21485373377799988,0.18278923630714417
was,0.37326499819755554,1.0000001192092896,0.2931758761405945,0.22765973210334778,0.20581704378128052,0.3740963041782379,0.32598429918289185,0.31171464920043945,0.48711544275283813,0.32424551248550415,0.15280188620090485,0.27072176337242126,0.18412111699581146
fully,0.37046515941619873,0.22765973210334778,0.1350194811820984,0.9999998807907104,0.18054409325122833,0.23881065845489502,0.27739039063453674,0.187845841050148,0.2750830352306366,0.21118709444999695,0.09760136157274246,0.11423862725496292,0.2089291661977768
forested,0.2439265102148056,0.20581704378128052,0.2750508487224579,0.18054409325122833,1.0,0.31301021575927734,0.3069491386413574,0.15460717678070068,0.28944146633148193,0.15790234506130219,0.20082606375217438,0.14622578024864197,0.1228533685207367
.,0.475719153881073,0.40146201848983765,0.31984585523605347,0.2809041440486908,0.2736458480358124,0.588965117931366,0.25115838646888733,0.41536515951156616,0.5934505462646484,0.3548945486545563,0.22156640887260437,0.2498820275068283,0.4130953550338745
