,what,does,newcastle,still,contain,many,of,?
the,0.42745697498321533,0.35928019881248474,0.2253497689962387,0.40142056345939636,0.26383090019226074,0.4335206151008606,0.733189046382904,0.22068053483963013
city,0.17493832111358643,0.10004369169473648,0.32860881090164185,0.1860724240541458,0.0788547620177269,0.21416836977005005,0.32503411173820496,0.13423943519592285
still,0.4548931419849396,0.3817117214202881,0.16287270188331604,1.0,0.22892391681671143,0.4997209906578064,0.3288819193840027,0.3039587736129761
contains,0.14236655831336975,0.30033645033836365,-0.0007679721456952393,0.19113695621490479,0.7593783736228943,0.24457506835460663,0.34575599431991577,0.15215006470680237
many,0.36131182312965393,0.30303922295570374,0.17336907982826233,0.4997209906578064,0.35166433453559875,0.9999999403953552,0.37253960967063904,0.2124512493610382
theatres,0.13976961374282837,0.1392633616924286,0.20630623400211334,0.286670982837677,0.13292330503463745,0.34619441628456116,0.20605787634849548,0.10397201776504517
.,0.3567904531955719,0.3022993505001068,0.2714749276638031,0.38162845373153687,0.22565869987010956,0.3974229395389557,0.5352458953857422,0.4130953550338745
