,what,do,etioplasts,have,instead,of,chlorophyll,?
while,0.35511791706085205,0.3032379448413849,0.2531234323978424,0.3577405512332916,0.4490201771259308,0.3366928696632385,0.18753066658973694,0.21076419949531555
etioplasts,0.2537675201892853,0.3087995946407318,1.0,0.3299405872821808,0.2542462944984436,0.2597924470901489,0.5975936651229858,0.1670864224433899
lack,0.28247135877609253,0.3394893705844879,0.3197011947631836,0.4883601665496826,0.2639490067958832,0.2861039936542511,0.2520274817943573,0.16953514516353607
chlorophyll,0.23408083617687225,0.20705407857894897,0.5975936651229858,0.24365252256393433,0.18736691772937775,0.19086609780788422,1.0000001192092896,0.1099696233868599
",",0.3087472915649414,0.3283645510673523,0.21019768714904785,0.3541618287563324,0.32166025042533875,0.4946078956127167,0.20881757140159607,0.31091248989105225
they,0.4431931674480438,0.4667694866657257,0.37921011447906494,0.6542890071868896,0.3707234859466553,0.3426007330417633,0.29054462909698486,0.2753053903579712
have,0.39808809757232666,0.49831271171569824,0.3299405872821808,0.9999999403953552,0.3414740264415741,0.3802283704280853,0.24365252256393433,0.32991164922714233
a,0.3320399522781372,0.26237669587135315,0.29040732979774475,0.338716596364975,0.3737732470035553,0.5052502155303955,0.20845670998096466,0.23916715383529663
yellow,0.17067797482013702,0.17082040011882782,0.27042797207832336,0.21917584538459778,0.24840322136878967,0.23887859284877777,0.32494157552719116,0.142889603972435
chlorophyll,0.23408083617687225,0.20705407857894897,0.5975936651229858,0.24365252256393433,0.18736691772937775,0.19086609780788422,1.0000001192092896,0.1099696233868599
precursor,0.1898636519908905,0.13087739050388336,0.33115389943122864,0.12370558083057404,0.19375158846378326,0.19377188384532928,0.2692145109176636,0.127412810921669
stocked,0.18729007244110107,0.185488760471344,0.28467145562171936,0.28044113516807556,0.26418784260749817,0.2378179281949997,0.2022005170583725,0.14298409223556519
.,0.3567904531955719,0.3613996207714081,0.23899267613887787,0.41614407300949097,0.3707379400730133,0.5352458953857422,0.24319429695606232,0.4130953550338745
