,who,is,the,executive,power,?
executive,0.20786358416080475,0.18661944568157196,0.2402946650981903,1.0,0.21351784467697144,0.12134998291730881
power,0.25855374336242676,0.15234114229679108,0.2647338807582855,0.21351784467697144,1.0000001192092896,0.15304024517536163
is,0.24293622374534607,1.0,0.5823672413825989,0.18661944568157196,0.15234114229679108,0.22961433231830597
exercised,0.2805979251861572,0.16373015940189362,0.2689264714717865,0.2489602118730545,0.3033444285392761,0.16287676990032196
by,0.39727845788002014,0.3899846076965332,0.4408751428127289,0.24707096815109253,0.21582826972007751,0.17966607213020325
the,0.3733934462070465,0.5823672413825989,1.0,0.2402946650981903,0.2647338807582855,0.22068053483963013
government,0.27194860577583313,0.20343491435050964,0.31798112392425537,0.36465027928352356,0.3452511131763458,0.18851417303085327
.,0.3541337847709656,0.4569662809371948,0.5934505462646484,0.2051832377910614,0.2141435295343399,0.4130953550338745
