,how,did,the,final,song,emperor,die,?
the,0.33890387415885925,0.34736719727516174,1.0,0.3543182611465454,0.300855815410614,0.2871226370334625,0.2242266982793808,0.22068053483963013
last,0.24577783048152924,0.30895525217056274,0.3698786795139313,0.4394223988056183,0.17736537754535675,0.25426870584487915,0.22141145169734955,0.22371746599674225
song,0.16961638629436493,0.1988414227962494,0.300855815410614,0.24994155764579773,1.0000001192092896,0.2006043642759323,0.18783457577228546,0.20782215893268585
emperor,0.1337691843509674,0.13150596618652344,0.2871226370334625,0.17718853056430817,0.2006043642759323,0.9999998807907104,0.10061751306056976,0.19661661982536316
drowned,0.08798807114362717,0.23631072044372559,0.235704243183136,0.09009673446416855,0.26117151975631714,0.25241559743881226,0.3355896770954132,0.18880656361579895
",",0.22659391164779663,0.3015086054801941,0.4933079481124878,0.24864837527275085,0.24119161069393158,0.20295536518096924,0.23915338516235352,0.31091248989105225
bringing,0.22121083736419678,0.2473924607038498,0.34507453441619873,0.14066526293754578,0.22375866770744324,0.07929693162441254,0.21419501304626465,0.24553225934505463
an,0.2520636022090912,0.22598257660865784,0.4207492768764496,0.18066252768039703,0.17795759439468384,0.1260482370853424,0.12162064760923386,0.19793890416622162
end,0.2481066733598709,0.18808481097221375,0.39658910036087036,0.2635479271411896,0.20161324739456177,0.21639862656593323,0.11118457466363907,0.12543344497680664
to,0.44169697165489197,0.4452643394470215,0.535392165184021,0.26099109649658203,0.21862304210662842,0.2257286012172699,0.14746613800525665,0.29463258385658264
the,0.33890387415885925,0.34736719727516174,1.0,0.3543182611465454,0.300855815410614,0.2871226370334625,0.2242266982793808,0.22068053483963013
song,0.16961638629436493,0.1988414227962494,0.300855815410614,0.24994155764579773,1.0000001192092896,0.2006043642759323,0.18783457577228546,0.20782215893268585
dynasty,0.20248688757419586,0.19201454520225525,0.26267939805984497,0.15709464251995087,0.24676866829395294,0.43762901425361633,0.11639655381441116,0.15884074568748474
.,0.3287222981452942,0.35288307070732117,0.5934505462646484,0.24325628578662872,0.2374095469713211,0.2352581024169922,0.2658497095108032,0.4130953550338745
