,what,were,the,two,forms,of,environmental,determinism,?
this,0.5489566326141357,0.25469228625297546,0.6274310946464539,0.33004114031791687,0.25140759348869324,0.45148900151252747,0.21105310320854187,0.3655097782611847,0.3155723512172699
takes,0.15264007449150085,0.04537564516067505,0.33578023314476013,0.21971891820430756,0.221763476729393,0.3277401030063629,0.1504170149564743,0.17319706082344055,0.10935472697019577
two,0.23363454639911652,0.4493520259857178,0.43858039379119873,1.0000001192092896,0.21864916384220123,0.37726253271102905,0.09810050576925278,0.21325820684432983,0.19645625352859497
forms,0.16334041953086853,0.17176055908203125,0.2950737178325653,0.21864916384220123,1.0,0.33835989236831665,0.2148703634738922,0.2647883892059326,0.1196754202246666
",",0.3087472915649414,0.36755475401878357,0.4933079481124878,0.35859420895576477,0.2570338547229767,0.4946078956127167,0.2779713571071625,0.21552418172359467,0.31091248989105225
orientalism,0.17770566046237946,0.15081486105918884,0.19308865070343018,0.12906895577907562,0.24507224559783936,0.2036316692829132,0.2824385464191437,0.4297589659690857,0.11607802659273148
and,0.31309178471565247,0.42175528407096863,0.5171257257461548,0.4671151638031006,0.31425848603248596,0.5116966962814331,0.2944156229496002,0.22788065671920776,0.20544172823429108
tropicality,0.21175624430179596,0.17089596390724182,0.19300806522369385,0.1668700873851776,0.20493200421333313,0.1924370974302292,0.2660917043685913,0.32541143894195557,0.22587840259075165
.,0.3567904531955719,0.3378238379955292,0.5934505462646484,0.3524959683418274,0.24305115640163422,0.5352458953857422,0.2907167375087738,0.29816970229148865,0.4130953550338745
