,when,was,the,fso,car,factory,founded,?
the,0.5091903209686279,0.48711544275283813,1.0,0.2721681594848633,0.19754165410995483,0.2101404368877411,0.2840350568294525,0.22068053483963013
fso,0.24919573962688446,0.2689191401004791,0.2721681594848633,1.0,0.19539324939250946,0.25189274549484253,0.2177453190088272,0.13756410777568817
car,0.2605381906032562,0.24117164313793182,0.19754165410995483,0.19539324939250946,0.9999999403953552,0.32886719703674316,0.1108613833785057,0.19800566136837006
factory,0.27197861671447754,0.28738224506378174,0.2101404368877411,0.25189274549484253,0.32886719703674316,1.0,0.27461686730384827,0.13535508513450623
was,0.37326499819755554,1.0000001192092896,0.48711544275283813,0.2689191401004791,0.24117164313793182,0.28738224506378174,0.36917948722839355,0.18412111699581146
established,0.18169470131397247,0.26515325903892517,0.33092597126960754,0.15223078429698944,0.07689523696899414,0.1793190985918045,0.5303963422775269,0.15917523205280304
in,0.4431333839893341,0.45514053106307983,0.6662389636039734,0.2098560929298401,0.22567488253116608,0.2757321298122406,0.24877111613750458,0.20430970191955566
1951,-0.14713290333747864,-0.15923678874969482,-0.20524539053440094,-0.3112533986568451,-0.0939260870218277,-0.11753818392753601,-0.16560347378253937,-0.20064012706279755
.,0.475719153881073,0.40146201848983765,0.5934505462646484,0.31392979621887207,0.2388465255498886,0.2442452311515808,0.23141497373580933,0.4130953550338745
