,what,was,the,average,household,size,?
the,0.42745697498321533,0.48711544275283813,1.0,0.27058175206184387,0.2428457885980606,0.2946445941925049,0.22068053483963013
average,0.24068789184093475,0.18843130767345428,0.27058175206184387,1.0,0.33197060227394104,0.3103724718093872,0.21764592826366425
household,0.16065490245819092,0.20707203447818756,0.2428457885980606,0.33197060227394104,1.0,0.21956957876682281,0.12460741400718689
size,0.2566739320755005,0.12699323892593384,0.2946445941925049,0.3103724718093872,0.21956957876682281,1.0000001192092896,0.13693112134933472
was,0.22111038863658905,1.0000001192092896,0.48711544275283813,0.18843130767345428,0.20707203447818756,0.12699323892593384,0.18412111699581146
3.07,0.10923264175653458,0.10212691128253937,0.1862105429172516,0.05989089235663414,0.03162483870983124,-0.011794395744800568,0.10704205185174942
.,0.3567904531955719,0.40146201848983765,0.5934505462646484,0.2717139422893524,0.23265226185321808,0.30260366201400757,0.4130953550338745
