,how,often,are,elections,for,the,counsel,held,?
council,0.14261579513549805,0.14211852848529816,0.1583584100008011,0.3897310495376587,0.1601620316505432,0.2829204201698303,0.41577041149139404,0.23564623296260834,0.1160062924027443
members,0.20418256521224976,0.21658706665039062,0.31528955698013306,0.31560638546943665,0.2612179219722748,0.3321719169616699,0.20639373362064362,0.20782466232776642,0.10212311148643494
are,0.311818927526474,0.5443448424339294,1.0,0.20126916468143463,0.3895993232727051,0.40399202704429626,0.12006352841854095,0.18270234763622284,0.24591213464736938
elected,0.15145733952522278,0.09924904257059097,0.08523022383451462,0.7334976196289062,0.19620943069458008,0.23167964816093445,0.3580259680747986,0.3370138704776764,0.1966295689344406
directly,0.38373512029647827,0.3161476254463196,0.322107195854187,0.20028726756572723,0.28193199634552,0.4502958655357361,0.15436634421348572,0.167069211602211,0.2187996357679367
every,0.31805798411369324,0.35310158133506775,0.3086106479167938,0.2575068473815918,0.35918429493904114,0.4023689329624176,0.18753789365291595,0.36404818296432495,0.24066033959388733
four,0.1955733299255371,0.2710466682910919,0.3568944036960602,0.1744595170021057,0.27783235907554626,0.40344667434692383,0.07118578255176544,0.24638524651527405,0.14532537758350372
years,0.21949264407157898,0.16248072683811188,0.17491404712200165,0.2703917622566223,0.2878222167491913,0.2912273406982422,0.14346157014369965,0.21447817981243134,0.1914375126361847
.,0.3287222981452942,0.30710849165916443,0.3452940285205841,0.27339601516723633,0.4726039469242096,0.5934505462646484,0.20485420525074005,0.2628571093082428,0.4130953550338745
