,what,does,the,phrase,``,taking,coals,to,newcastle,'',mean,?
the,0.42745697498321533,0.35928019881248474,1.0,0.25180333852767944,0.029072100296616554,0.32714390754699707,0.21310622990131378,0.535392165184021,0.2253497689962387,0.041273195296525955,0.25977957248687744,0.22068053483963013
phrase,0.31149473786354065,0.18282046914100647,0.25180333852767944,0.9999998807907104,0.07400007545948029,0.1014418751001358,0.12497665733098984,0.24900448322296143,0.11116796731948853,0.04934220016002655,0.32955095171928406,0.32636284828186035
itself,0.3625122308731079,0.43539851903915405,0.45971640944480896,0.34863489866256714,0.11195911467075348,0.21940560638904572,0.11932815611362457,0.340527206659317,0.19065389037132263,-0.05512392148375511,0.2580275535583496,0.17933900654315948
means,0.2553325295448303,0.3901011645793915,0.32225894927978516,0.39800572395324707,0.09677895158529282,0.22596648335456848,0.1814645528793335,0.2301892638206482,0.09443362802267075,-0.012570749968290329,0.576000988483429,0.21233566105365753
a,0.3320399522781372,0.38201746344566345,0.5829201340675354,0.2889547646045685,0.07272057235240936,0.2834925353527069,0.18600152432918549,0.45503583550453186,0.21405641734600067,0.04890415817499161,0.3427932858467102,0.23916715383529663
pointless,0.409213662147522,0.33512789011001587,0.20101581513881683,0.24859990179538727,0.12793654203414917,0.20922398567199707,0.15743449330329895,0.3036481738090515,0.14707796275615692,-0.015540997497737408,0.29413655400276184,0.42528149485588074
pursuit,0.18071162700653076,0.15082885324954987,0.23130492866039276,0.18408788740634918,-0.017990102991461754,0.2552757263183594,0.16332988440990448,0.20843948423862457,0.15189364552497864,-0.002815446350723505,0.152433842420578,0.08794858306646347
.,0.3567904531955719,0.3022993505001068,0.5934505462646484,0.22462844848632812,0.05720457062125206,0.3233465552330017,0.16694112122058868,0.4645031690597534,0.2714749276638031,-0.07181349396705627,0.21881133317947388,0.4130953550338745
