,how,many,levels,of,galleries,do,the,façades,surround,?
these,0.41104358434677124,0.7077717185020447,0.38152673840522766,0.42684608697891235,0.32719022035598755,0.4402875602245331,0.49086877703666687,0.3074989914894104,0.26640909910202026,0.2571668326854706
façades,0.14418449997901917,0.2988758981227875,0.22830262780189514,0.3470175266265869,0.47337982058525085,0.1418321579694748,0.4114606976509094,1.0,0.25064677000045776,0.11828616261482239
surround,0.15843111276626587,0.23743842542171478,0.2053002268075943,0.2883262634277344,0.19544431567192078,0.1669616848230362,0.3182075023651123,0.25064677000045776,1.0000001192092896,0.013390609063208103
four,0.1955733299255371,0.4139232039451599,0.26277413964271545,0.36293646693229675,0.1847885102033615,0.1615660935640335,0.40344667434692383,0.2962314188480377,0.16367393732070923,0.14532537758350372
levels,0.30174899101257324,0.3079531192779541,0.9999998807907104,0.23668165504932404,0.1798316091299057,0.22495627403259277,0.286034494638443,0.22830262780189514,0.2053002268075943,0.1541307419538498
of,0.2480744868516922,0.37253960967063904,0.23668165504932404,1.0,0.24172402918338776,0.26150479912757874,0.733189046382904,0.3470175266265869,0.2883262634277344,0.1826142966747284
galleries,0.1707666516304016,0.3424515426158905,0.1798316091299057,0.24172402918338776,0.9999998807907104,0.15923894941806793,0.27603694796562195,0.47337982058525085,0.19544431567192078,0.1957392692565918
.,0.3287222981452942,0.3974229395389557,0.24042059481143951,0.5352458953857422,0.2919006645679474,0.3613996207714081,0.5934505462646484,0.3049008846282959,0.21938712894916534,0.4130953550338745
