,the,largest,construction,projects,are,known,as,what,?
the,1.0,0.3757036626338959,0.2671978175640106,0.23802334070205688,0.40399202704429626,0.3624623417854309,0.48381632566452026,0.42745697498321533,0.22068053483963013
largest,0.3757036626338959,0.9999999403953552,0.2559973895549774,0.1332339644432068,0.23992078006267548,0.2938424348831177,0.1819920688867569,0.13463157415390015,0.12401245534420013
construction,0.2671978175640106,0.2559973895549774,1.0,0.44411301612854004,0.18089833855628967,0.16321557760238647,0.22668303549289703,0.20329850912094116,0.13494056463241577
projects,0.23802334070205688,0.1332339644432068,0.44411301612854004,1.0,0.31792762875556946,0.12552641332149506,0.2880971133708954,0.28646913170814514,0.3193145990371704
are,0.40399202704429626,0.23992078006267548,0.18089833855628967,0.31792762875556946,1.0,0.26720109581947327,0.3826591968536377,0.29724663496017456,0.24591213464736938
referred,0.3088674545288086,0.2092127650976181,0.20667597651481628,0.09257632493972778,0.25784921646118164,0.5037624835968018,0.37252211570739746,0.16724665462970734,0.06677805632352829
to,0.535392165184021,0.18687231838703156,0.24810278415679932,0.3065624237060547,0.3504326641559601,0.14337651431560516,0.42092081904411316,0.455847829580307,0.29463258385658264
as,0.48381632566452026,0.1819920688867569,0.22668303549289703,0.2880971133708954,0.3826591968536377,0.4815765619277954,1.0,0.31749409437179565,0.27043893933296204
megaprojects,0.33250105381011963,0.24352337419986725,0.43151965737342834,0.811638593673706,0.3910275101661682,0.2210492640733719,0.35230666399002075,0.33572646975517273,0.371721476316452
.,0.5934505462646484,0.18871670961380005,0.23682771623134613,0.2564103305339813,0.3452940285205841,0.283290296792984,0.515582263469696,0.3567904531955719,0.4130953550338745
