,what,day,did,the,apollo,11,crew,return,to,earth,?
the,0.42745697498321533,0.3062323033809662,0.34736719727516174,1.0,0.2169172167778015,-0.0219515822827816,0.25329816341400146,0.2543797492980957,0.535392165184021,0.2801888585090637,0.22068053483963013
astronauts,0.1784883290529251,0.1742088496685028,0.16980773210525513,0.197182759642601,0.5551470518112183,0.08647549152374268,0.44052642583847046,0.21196283400058746,0.22723354399204254,0.41923049092292786,0.15138289332389832
returned,0.15085899829864502,0.21095876395702362,0.32570260763168335,0.32857778668403625,0.17800651490688324,-0.017252055928111076,0.23061507940292358,0.6497189998626709,0.30012887716293335,0.10824918746948242,0.07695316523313522
safely,0.27337709069252014,0.20682336390018463,0.22456374764442444,0.2783729135990143,0.3702172040939331,0.0159551240503788,0.4405633211135864,0.2950442433357239,0.40653085708618164,0.33185145258903503,0.2161647230386734
on,0.34226128458976746,0.3332281708717346,0.2670976221561432,0.5107308030128479,0.16069947183132172,0.006688752211630344,0.24291740357875824,0.16799497604370117,0.41031414270401,0.20645220577716827,0.2714994251728058
july,0.22688010334968567,0.29492151737213135,0.25485745072364807,0.2371699959039688,0.1807384490966797,-0.014140273444354534,0.14855442941188812,0.15536706149578094,0.228788822889328,0.10829854756593704,0.2897891402244568
24,0.01621486060321331,-0.0809091106057167,-0.04566230997443199,0.009148004464805126,-0.051073912531137466,-0.008489547297358513,-0.0434887632727623,-0.04405030608177185,-0.038588933646678925,-0.09074531495571136,0.016154835000634193
.,0.3567904531955719,0.24232520163059235,0.35288307070732117,0.5934505462646484,0.22384987771511078,0.020607711747288704,0.24222686886787415,0.25014954805374146,0.4645031690597534,0.2542925775051117,0.4130953550338745
