,how,many,types,of,x.25,networks,were,there,originally
there,0.3328511416912079,0.4993700683116913,0.37238845229148865,0.44397735595703125,0.15665201842784882,0.18495255708694458,0.4359818994998932,1.0,0.21981017291545868
were,0.2082374095916748,0.4804460406303406,0.2674507200717926,0.34038281440734863,0.10370413959026337,0.18279117345809937,1.0000001192092896,0.4359818994998932,0.43476220965385437
two,0.2499001920223236,0.5147606730461121,0.33505547046661377,0.37726253271102905,0.1846618801355362,0.1758463829755783,0.4493520259857178,0.40416133403778076,0.22303812205791473
kinds,0.3461291491985321,0.5405281782150269,0.7855100035667419,0.28535863757133484,0.14076855778694153,0.2072468250989914,0.2719303369522095,0.42883047461509705,0.18216517567634583
of,0.2480744868516922,0.37253960967063904,0.2447618544101715,1.0,0.12254032492637634,0.17763681709766388,0.34038281440734863,0.44397735595703125,0.21349623799324036
x.25,0.07172290235757828,0.11292092502117157,0.12169268727302551,0.12254032492637634,1.0,0.13546757400035858,0.10370413959026337,0.15665201842784882,0.07107588648796082
networks,0.23104870319366455,0.3009721040725708,0.23262284696102142,0.17763681709766388,0.13546757400035858,1.0,0.18279117345809937,0.18495255708694458,0.22150160372257233
.,0.3287222981452942,0.3974229395389557,0.2097296416759491,0.5352458953857422,0.08462481200695038,0.24027101695537567,0.3378238379955292,0.43897318840026855,0.2504246234893799
