,what,is,the,capitol,of,kenya,?
its,0.30393704771995544,0.4447362422943115,0.559237003326416,0.22268164157867432,0.48690423369407654,0.1375100165605545,0.15103481709957123
capital,0.17967931926250458,0.2849797308444977,0.3049491047859192,0.40659376978874207,0.30823585391044617,0.1552572250366211,0.0907452180981636
and,0.31309178471565247,0.3859752118587494,0.5171257257461548,0.20585434138774872,0.5116966962814331,0.20742860436439514,0.20544172823429108
largest,0.13463157415390015,0.3413417339324951,0.3757036626338959,0.22269345819950104,0.36650770902633667,0.20862577855587006,0.12401245534420013
city,0.17493832111358643,0.3186660706996918,0.35769423842430115,0.3542001247406006,0.32503411173820496,0.10511987656354904,0.13423943519592285
is,0.28837618231773376,1.0,0.5823672413825989,0.18959684669971466,0.4854315221309662,0.17591087520122528,0.22961433231830597
nairobi,0.11782442778348923,0.13799425959587097,0.19357922673225403,0.1770249456167221,0.1904960423707962,0.5827961564064026,0.10651574283838272
.,0.3567904531955719,0.4569662809371948,0.5934505462646484,0.25566571950912476,0.5352458953857422,0.24234211444854736,0.4130953550338745
