,what,actress,plays,the,female,master,?
this,0.5489566326141357,0.15971966087818146,0.1204022616147995,0.6274310946464539,0.1470339298248291,0.16163529455661774,0.3155723512172699
incarnation,0.2737259864807129,0.15202559530735016,0.13042476773262024,0.3089248239994049,0.19489139318466187,0.3219037353992462,0.20495687425136566
is,0.28837618231773376,0.1605745404958725,0.2972472608089447,0.5823672413825989,0.19344212114810944,0.16117574274539948,0.22961433231830597
played,0.14831039309501648,0.37170568108558655,0.6466484665870667,0.2603478729724884,0.1594500094652176,0.20841579139232635,0.14096300303936005
by,0.2455483376979828,0.09969393163919449,0.155848428606987,0.4408751428127289,0.14667338132858276,0.21067877113819122,0.17966607213020325
michelle,0.173698291182518,0.4402444660663605,0.24345068633556366,0.17391090095043182,0.22929221391677856,0.07972119748592377,0.1274711787700653
gomez,0.13255628943443298,0.30692046880722046,0.21481634676456451,0.2147274762392044,0.14049135148525238,0.03299744427204132,0.15177766978740692
.,0.3567904531955719,0.19474907219409943,0.20513367652893066,0.5934505462646484,0.28143510222435,0.16851933300495148,0.4130953550338745
