,what,did,iqbal,'s,allahabad,address,inspire,?
this,0.5489566326141357,0.3609912693500519,0.160708948969841,0.02106832154095173,0.1942795068025589,0.2721966505050659,0.24402400851249695,0.3155723512172699
address,0.2695501744747162,0.16834665834903717,0.2949700653553009,-0.06970442831516266,0.24731269478797913,1.0000001192092896,0.24913252890110016,0.2784976661205292
later,0.2517229914665222,0.38386887311935425,0.3021105229854584,0.05591587722301483,0.21381980180740356,0.19644783437252045,0.27905896306037903,0.1417175978422165
inspired,0.18111269176006317,0.2770785987377167,0.27418428659439087,0.053430888801813126,0.1887754648923874,0.18187807500362396,0.812828004360199,0.1529090851545334
the,0.42745697498321533,0.34736719727516174,0.1828971952199936,-0.01540423184633255,0.26932990550994873,0.24438561499118805,0.2626252770423889,0.22068053483963013
pakistan,0.22231245040893555,0.13211274147033691,0.46760132908821106,0.05393676087260246,0.5708649754524231,0.23363982141017914,0.17502358555793762,0.1329864263534546
movement,0.23934946954250336,0.12124674767255783,0.20562541484832764,0.009452048689126968,0.216340109705925,0.18627431988716125,0.30792099237442017,0.1423349231481552
.,0.3567904531955719,0.35288307070732117,0.2092389315366745,-0.003708066651597619,0.22217993438243866,0.2468368262052536,0.21806460618972778,0.4130953550338745
