,what,term,resulted,from,dioscorides,',book,?
the,0.42745697498321533,0.2740369141101837,0.2975946068763733,0.40150508284568787,0.3262089490890503,0.474788099527359,0.2652374505996704,0.22068053483963013
title,0.205022931098938,0.19946826994419098,0.1026240736246109,0.18666937947273254,0.13666333258152008,0.24944783747196198,0.2632238268852234,0.34551161527633667
coined,0.21964944899082184,0.5555209517478943,0.15033821761608124,0.16089388728141785,0.22069181501865387,0.240303173661232,0.2128147929906845,0.15754613280296326
the,0.42745697498321533,0.2740369141101837,0.2975946068763733,0.40150508284568787,0.3262089490890503,0.474788099527359,0.2652374505996704,0.22068053483963013
term,0.25282326340675354,1.0,0.24725912511348724,0.25269290804862976,0.18593484163284302,0.24252156913280487,0.15934590995311737,0.1901002675294876
materia,0.2444755584001541,0.16809514164924622,0.16417042911052704,0.2573322653770447,0.33103030920028687,0.14463946223258972,0.20295749604701996,0.20970690250396729
medica,0.13963454961776733,0.1600998044013977,0.10697954148054123,0.13627661764621735,0.346174418926239,0.15871292352676392,0.14597256481647491,0.13558873534202576
.,0.3567904531955719,0.18456575274467468,0.23092694580554962,0.41536515951156616,0.3135232925415039,0.4806240200996399,0.21435262262821198,0.4130953550338745
