,what,government,set,standards,do,all,schools,have,to,meet,?
all,0.41981086134910583,0.21567091345787048,0.2930283844470978,0.3272894024848938,0.38664430379867554,1.0000001192092896,0.31516021490097046,0.5559456944465637,0.42520734667778015,0.33559587597846985,0.29575422406196594
schools,0.1820785105228424,0.3405122756958008,0.15717646479606628,0.2922445237636566,0.19505831599235535,0.31516021490097046,1.0,0.26828762888908386,0.2362271547317505,0.15964801609516144,0.18349280953407288
must,0.30362528562545776,0.1660577356815338,0.2462361752986908,0.33403876423835754,0.3716966211795807,0.3687012791633606,0.17610707879066467,0.4243750274181366,0.43356871604919434,0.3325554132461548,0.23707495629787445
comply,0.39817023277282715,0.3213190734386444,0.21563130617141724,0.44766348600387573,0.40676045417785645,0.36548998951911926,0.2560634911060333,0.36301612854003906,0.3985632061958313,0.36979779601097107,0.2770853340625763
with,0.2464839518070221,0.2035938799381256,0.19515010714530945,0.1737729161977768,0.23744353652000427,0.3876307010650635,0.13740696012973785,0.48046383261680603,0.4239959120750427,0.26756221055984497,0.2433311939239502
government-set,0.26640576124191284,0.9249796271324158,0.28334566950798035,0.25690996646881104,0.23880133032798767,0.24172687530517578,0.36435502767562866,0.2525383532047272,0.2718273103237152,0.18601958453655243,0.25094980001449585
curriculum,0.21728472411632538,0.3122861683368683,0.17402400076389313,0.31292611360549927,0.25922298431396484,0.2911001443862915,0.46302953362464905,0.22208881378173828,0.2018750011920929,0.1736454963684082,0.24092517793178558
standards,0.2855789363384247,0.19808758795261383,0.19322235882282257,1.0000001192092896,0.26735010743141174,0.3272894024848938,0.2922445237636566,0.3065358102321625,0.2603518068790436,0.39871132373809814,0.2011813372373581
.,0.3567904531955719,0.2521961033344269,0.2928885817527771,0.23661701381206512,0.3613996207714081,0.43406882882118225,0.2752705216407776,0.41614407300949097,0.4645031690597534,0.26616400480270386,0.4130953550338745
