type de question,compte relatif,compte,
What / Which NN[*]?,3976,0.376158940397351
Where?,477,0.045127719962157045
Other,1072,0.10141911069063388
Who?,1185,0.11210974456007569
What name / is called?,325,0.03074739829706717
When / What year?,943,0.0892147587511826
What VB[*]?,1367,0.1293282876064333
How much / many?,757,0.0716177861873226
How?,468,0.04427625354777673
