position relative,comptage relatif,comptage,class
0.0-0.05,0.027551712444896573,325,1
0.05-0.15,0.044760935910478125,528,1
0.15-0.25,0.17327907765344183,2044,1
0.25-0.35,0.10842658528314683,1279,1
0.35-0.45,0.06976941336046118,823,1
0.45-0.55,0.1223296032553408,1443,1
0.55-0.65,0.0595116988809766,702,1
0.65-0.75,0.07867073584265853,928,1
0.75-0.85,0.11113936927772126,1311,1
0.85-0.95,0.021447948457104102,253,1
0.95-1.0,0.18311291963377416,2160,1
