nm_words,cosine_avant
10,0.6932765052436448
9,0.6965040568014034
8,0.6973020573031484
7,0.6994859040427575
6,0.696556212233576
5,0.687850405800077
4,0.6717386360810046
3,0.6441104555376244
2,0.6028517373795604
1,0.5292271889902582
0,0.3578951845403407
