Question ; frequence ; exact_match ; f1 ; pred_in_ans ; loss ; one_of_pred_in_one_of_ans ; inverted_size ; nb_preds ; nb_preds_differentes
 
Where? ; 477.0 ; 7.337526205450734 ; 11.79287635262478 ; 6.49895178197065 ; 51.78197064989518 ; 1.4675052410901468 ; 12.109165044892986 ; 6.976939203354298 ; 5.830188679245283
Who? ; 1185.0 ; 9.620253164556962 ; 13.456392412088626 ; 4.219409282700422 ; 31.30801687763713 ; 1.350210970464135 ; 15.876426408186239 ; 11.014345991561182 ; 8.753586497890295
What name / is called? ; 325.0 ; 13.23076923076923 ; 19.9009213009213 ; 10.461538461538462 ; 41.84615384615385 ; 1.8461538461538463 ; 16.434927871827004 ; 9.329230769230769 ; 7.861538461538461
When / What year? ; 943.0 ; 21.845174973488866 ; 26.570331400660145 ; 22.693531283138917 ; 15.694591728525982 ; 61.6118769883351 ; 5.037885556106977 ; 3.8674443266171794 ; 3.687168610816543
How much / many? ; 757.0 ; 22.457067371202115 ; 28.19503408671176 ; 19.550858652575958 ; 12.417437252311757 ; 59.577278731836195 ; 8.594078025036627 ; 8.585204755614267 ; 7.877146631439894
MOYENNE TOUT TYPE ; 3687.0 ; 15.405478708977489 ; 20.189392396471327 ; 12.937347436940602 ; 27.013832384052076 ; 28.77678329264985 ; 11.170987719777605 ; 8.016815839435855 ; 6.820992676973149
