position relative,comptage relatif,comptage,class
0.0-0.05,0.07638801062349816,1208,1
0.05-0.15,0.14012899962058936,2216,1
0.15-0.25,0.12419375237131655,1964,1
0.25-0.35,0.10617174655368661,1679,1
0.35-0.45,0.0976350069558619,1544,1
0.45-0.55,0.09099532060199823,1439,1
0.55-0.65,0.08391298849121032,1327,1
0.65-0.75,0.07980270646262805,1262,1
0.75-0.85,0.07986594157076009,1263,1
0.85-0.95,0.07796888832679903,1233,1
0.95-1.0,0.0429366384216517,679,1
