Question ; frequence ; exact_match ; f1 ; pred_in_ans ; loss ; one_of_pred_in_one_of_ans ; inverted_size ; nb_preds ; nb_preds_differentes
 
Where? ; 477.0 ; 20.754716981132077 ; 27.028543899613094 ; 31.865828092243188 ; 31.446540880503143 ; 63.312368972746334 ; 15.206734187084614 ; 2.209643605870021 ; 2.1740041928721174
Who? ; 1185.0 ; 23.459915611814345 ; 28.88815216663319 ; 30.970464135021096 ; 23.628691983122362 ; 78.14345991561181 ; 19.427019722837507 ; 3.2953586497890295 ; 3.148523206751055
What name / is called? ; 325.0 ; 25.53846153846154 ; 31.262459762459773 ; 32.61538461538461 ; 24.307692307692307 ; 63.69230769230769 ; 19.109261942902254 ; 2.9784615384615383 ; 2.8892307692307693
When / What year? ; 943.0 ; 57.05196182396607 ; 61.56739337015055 ; 59.80911983032874 ; 5.408271474019088 ; 81.54825026511135 ; 7.853098494720301 ; 1.4411452810180276 ; 1.4209968186638389
How much / many? ; 757.0 ; 40.554821664464995 ; 49.24670955054048 ; 44.64993394980185 ; 9.775429326287979 ; 80.9775429326288 ; 13.242707724297654 ; 2.7556142668428003 ; 2.6974900924702774
MOYENNE TOUT TYPE ; 3687.0 ; 35.394629780309195 ; 41.394951521070325 ; 41.415785191212365 ; 17.195551939246 ; 76.40358014646054 ; 14.623092578806512 ; 2.5419039869812856 ; 2.4651478166531056
