word,cosine,class
,,
,,
,,
,,
,,
,,
,,
,,
,,
,,
,,
,,
,,
-12,0.5805047388944945,3
-9,0.5910908285985488,3
-6,0.6155473686169743,3
-3,0.6241430223648613,3
0,0.5901268736431795,3
3,0.6088251119314861,3
6,0.5906438122423325,3
9,0.5689042290634185,3
12,0.5493760877074684,3
