word,cosine,class
-10,0.5358549070429353,2
-8,0.5386134603484183,2
-6,0.5542291397520916,2
-4,0.5691943905846035,2
-2,0.5725747210384232,2
0,0.511866472813168,2
2,0.5592632646573301,2
4,0.5424391433373043,2
6,0.533673486398576,2
8,0.5217149618541843,2
10,0.5088481731559675,2
