position relative,comptage relatif,comptage,class
0.0-0.05,0.0002527646,4,1
0.05-0.15,0.0478988942,758,1
0.15-0.25,0.1854660348,2935,1
0.25-0.35,0.112985782,1788,1
0.35-0.45,0.0703949447,1114,1
0.45-0.55,0.1251816746,1981,1
0.55-0.65,0.0571248025,904,1
0.65-0.75,0.0769668246,1218,1
0.75-0.85,0.110521327,1749,1
0.85-0.95,0.0214849921,340,1
0.95-1.0,0.1917219589,3034,1
