position relative,comptage relatif,comptage,class
0.0-0.05,5.7078277149282526e-05,5,1
0.05-0.15,0.050354456101097046,4411,1
0.15-0.25,0.18559572597860707,16258,1
0.25-0.35,0.11578899302503454,10143,1
0.35-0.45,0.07420176029406729,6500,1
0.45-0.55,0.13270699437208186,11625,1
0.55-0.65,0.06349387550086188,5562,1
0.65-0.75,0.08724985445039327,7643,1
0.75-0.85,0.11782097969154899,10321,1
0.85-0.95,0.020559595429171566,1801,1
0.95-1.0,0.20677176680099088,18113,1
