Question ; frequence ; exact_match ; f1 ; pred_in_ans ; loss ; one_of_pred_in_one_of_ans ; inverted_size ; nb_preds ; nb_preds_differentes
 
Where? ; 477.0 ; 20.754716981132077 ; 27.028543899613094 ; 20.754716981132077 ; 51.9916142557652 ; 0.20964360587002095 ; 15.206734187084614 ; 2.209643605870021 ; 2.1740041928721174
Who? ; 1185.0 ; 23.459915611814345 ; 28.88815216663319 ; 9.789029535864978 ; 33.24894514767932 ; 0.5063291139240507 ; 19.427019722837507 ; 3.2953586497890295 ; 3.148523206751055
What name / is called? ; 325.0 ; 25.53846153846154 ; 31.262459762459773 ; 18.46153846153846 ; 42.76923076923077 ; 0.6153846153846154 ; 19.109261942902254 ; 2.9784615384615383 ; 2.8892307692307693
When / What year? ; 943.0 ; 57.05196182396607 ; 61.56739337015055 ; 54.294803817603395 ; 16.118769883351007 ; 59.80911983032874 ; 7.853098494720301 ; 1.4411452810180276 ; 1.4209968186638389
How much / many? ; 757.0 ; 40.554821664464995 ; 49.24670955054048 ; 36.723910171730516 ; 13.474240422721268 ; 57.067371202113605 ; 13.242707724297654 ; 2.7556142668428003 ; 2.6974900924702774
MOYENNE TOUT TYPE ; 3687.0 ; 35.394629780309195 ; 41.394951521070325 ; 28.885272579332792 ; 28.07160292921074 ; 27.25793327908869 ; 14.623092578806512 ; 2.5419039869812856 ; 2.4651478166531056
