Question ; frequence ; exact_match ; f1 ; pred_in_ans ; loss ; one_of_pred_in_one_of_ans ; inverted_size ; nb_preds ; nb_preds_differentes
 
Where? ; 477.0 ; 4.1928721174004195 ; 7.182229603613252 ; 2.7253668763102725 ; 43.18658280922432 ; 5.870020964360587 ; 22.443782397327556 ; 14.70440251572327 ; 12.327044025157234
Who? ; 1185.0 ; 4.050632911392405 ; 7.032736836534304 ; 2.9535864978902953 ; 30.126582278481013 ; 2.70042194092827 ; 23.05642410805853 ; 16.634599156118142 ; 13.837974683544303
What name / is called? ; 325.0 ; 10.153846153846153 ; 15.803485403485404 ; 3.6923076923076925 ; 40.0 ; 4.3076923076923075 ; 21.747767088376413 ; 14.47076923076923 ; 12.283076923076923
When / What year? ; 943.0 ; 1.9088016967126193 ; 3.7909798461230064 ; 2.1208907741251326 ; 12.089077412513255 ; 64.58112407211028 ; 23.67321931241552 ; 17.4050901378579 ; 14.57900318133616
How much / many? ; 757.0 ; 6.340819022457067 ; 10.244689993699236 ; 5.416116248348745 ; 12.285336856010568 ; 60.10568031704095 ; 25.137117967619403 ; 19.605019815059446 ; 16.752972258916778
MOYENNE TOUT TYPE ; 3687.0 ; 4.529427719012747 ; 7.655539394758271 ; 3.281800922158937 ; 24.410089503661514 ; 30.865202061296447 ; 23.44676300200506 ; 17.001084892866828 ; 14.293463520477353
