Question ; frequence ; exact_match ; f1 ; pred_in_ans ; loss ; one_of_pred_in_one_of_ans ; inverted_size ; nb_preds ; nb_preds_differentes
 
Where? ; 477.0 ; 7.337526205450734 ; 11.79287635262478 ; 12.578616352201259 ; 45.492662473794546 ; 65.40880503144655 ; 12.109165044892986 ; 6.976939203354298 ; 5.830188679245283
Who? ; 1185.0 ; 9.620253164556962 ; 13.456392412088626 ; 13.248945147679326 ; 27.341772151898734 ; 80.59071729957806 ; 15.876426408186239 ; 11.014345991561182 ; 8.753586497890295
What name / is called? ; 325.0 ; 13.23076923076923 ; 19.9009213009213 ; 17.23076923076923 ; 31.692307692307693 ; 65.53846153846153 ; 16.434927871827004 ; 9.329230769230769 ; 7.861538461538461
When / What year? ; 943.0 ; 21.845174973488866 ; 26.570331400660145 ; 23.860021208907742 ; 9.75609756097561 ; 82.18451749734889 ; 5.037885556106977 ; 3.8674443266171794 ; 3.687168610816543
How much / many? ; 757.0 ; 22.457067371202115 ; 28.19503408671176 ; 24.042272126816382 ; 11.492734478203435 ; 82.95904887714663 ; 8.594078025036627 ; 8.585204755614267 ; 7.877146631439894
MOYENNE TOUT TYPE ; 3687.0 ; 15.405478708977489 ; 20.189392396471327 ; 18.44317873609981 ; 22.321670735014916 ; 78.19365337672905 ; 11.170987719777605 ; 8.016815839435855 ; 6.820992676973149
